report_url,case,category,pdf_page,quantities,sentence,source_url
https://cfj.org/reports/belarus-v-katsiaryna-andreyeva-and-daria-chultsova/,Belarus v. Katsiaryna Andreyeva and Daria Chultsova,pretrial_detention,45,,"According to Ms. Andreyeva, the authorities failed to inform her of the reasons for her arrest at the time she was taken into custody.",https://cfj.org/wp-content/uploads/2023/07/belarus-journalists.pdf#page=45
https://cfj.org/reports/belarus-v-katsiaryna-andreyeva-and-daria-chultsova/,Belarus v. Katsiaryna Andreyeva and Daria Chultsova,pretrial_detention,45,,The pretrial detention of Ms. Andreyeva and Ms. Chultsova failed to meet the requirements of the ICCPR.,https://cfj.org/wp-content/uploads/2023/07/belarus-journalists.pdf#page=45
https://cfj.org/reports/belarus-v-katsiaryna-andreyeva-and-daria-chultsova/,Belarus v. Katsiaryna Andreyeva and Daria Chultsova,pretrial_detention,46,,"With respect to the present case, on November 20, the same day that Ms. Andreyeva and Ms. Chultsova were charged, the authorities ordered that they be placed in pretrial detention.",https://cfj.org/wp-content/uploads/2023/07/belarus-journalists.pdf#page=46
https://cfj.org/reports/cambodia-v-kong-raiya/,Cambodia v. Kong Raiya,conviction_sentence,3,,"Mr. Raiya appears to have been tried, convicted, and sentenced merely for engaging in non-violent political speech.",https://cfj.org/wp-content/uploads/2023/07/fair_trial_report_cambodia_kong_raiya.pdf#page=3
https://cfj.org/reports/cambodia-v-kong-raiya/,Cambodia v. Kong Raiya,conviction_sentence,3,,Mr. Raiya was prosecuted and convicted for “incitement to disrupt social order.”,https://cfj.org/wp-content/uploads/2023/07/fair_trial_report_cambodia_kong_raiya.pdf#page=3
https://cfj.org/reports/cambodia-v-kong-raiya/,Cambodia v. Kong Raiya,conviction_sentence,5,,"Notwithstanding such gaps, the court convicted Mr. Raiya, resolving all doubts in the prosecution’s favor.",https://cfj.org/wp-content/uploads/2023/07/fair_trial_report_cambodia_kong_raiya.pdf#page=5
https://cfj.org/reports/cambodia-v-kong-raiya/,Cambodia v. Kong Raiya,conviction_sentence,15,two years,"Mr. Raiya received a suspended sentence of two years’ imprisonment, with credit for time served in pre-trial detention.",https://cfj.org/wp-content/uploads/2023/07/fair_trial_report_cambodia_kong_raiya.pdf#page=15
https://cfj.org/reports/cambodia-v-kong-raiya/,Cambodia v. Kong Raiya,conviction_sentence,16,,"Without such evidence, it appears that Mr. Raiya was convicted and sentenced for protected political speech.",https://cfj.org/wp-content/uploads/2023/07/fair_trial_report_cambodia_kong_raiya.pdf#page=16
https://cfj.org/reports/cambodia-v-kong-raiya/,Cambodia v. Kong Raiya,conviction_sentence,21,,"In the present case, Mr. Raiya was convicted despite the prosecution’s failure to prove guilt beyond a reasonable doubt.",https://cfj.org/wp-content/uploads/2023/07/fair_trial_report_cambodia_kong_raiya.pdf#page=21
https://cfj.org/reports/cambodia-v-kong-raiya/,Cambodia v. Kong Raiya,pretrial_detention,4,,"On July 24, 2019, two weeks after Mr. Raiya’s initial arrest, the Phnom Penh Municipal Court of First Instance (Municipal Court) denied Mr. Raiya’s bail application and imposed pretrial detention.",https://cfj.org/wp-content/uploads/2023/07/fair_trial_report_cambodia_kong_raiya.pdf#page=4
https://cfj.org/reports/cambodia-v-kong-raiya/,Cambodia v. Kong Raiya,pretrial_detention,11,,"Mr. Raiya was arrested and detained on July 9, 2019 for promoting the sale of t-shirts featuring images of and quotes from the late Kem Ley, a popular political analyst and government critic who was killed on July 10, 2016 while having coffee at a petrol station.",https://cfj.org/wp-content/uploads/2023/07/fair_trial_report_cambodia_kong_raiya.pdf#page=11
https://cfj.org/reports/cambodia-v-kong-raiya/,Cambodia v. Kong Raiya,pretrial_detention,12,,"Note: Amnesty International’s press release states that Mr. Raiya was detained alongside his wife, child, and two siblings, and that his relatives were released the next day.",https://cfj.org/wp-content/uploads/2023/07/fair_trial_report_cambodia_kong_raiya.pdf#page=12
https://cfj.org/reports/cambodia-v-kong-raiya/,Cambodia v. Kong Raiya,pretrial_detention,12,,"This slightly differs from defense counsel’s account that Mr. Raiya’s wife, child, sister, and brother-in-law were detained and later released the same day.",https://cfj.org/wp-content/uploads/2023/07/fair_trial_report_cambodia_kong_raiya.pdf#page=12
https://cfj.org/reports/cambodia-v-kong-raiya/,Cambodia v. Kong Raiya,pretrial_detention,15,,"Mr. Raiya received a suspended sentence of two years’ imprisonment, with credit for time served in pre-trial detention.",https://cfj.org/wp-content/uploads/2023/07/fair_trial_report_cambodia_kong_raiya.pdf#page=15
https://cfj.org/reports/cambodia-v-kong-raiya/,Cambodia v. Kong Raiya,pretrial_detention,16,,Mr. Raiya was detained in conditions that give rise to concerns about inhuman treatment and was deprived of the presumption of innocence.,https://cfj.org/wp-content/uploads/2023/07/fair_trial_report_cambodia_kong_raiya.pdf#page=16
https://cfj.org/reports/cambodia-v-kong-raiya/,Cambodia v. Kong Raiya,mistreatment,16,,Mr. Raiya was detained in conditions that give rise to concerns about inhuman treatment and was deprived of the presumption of innocence.,https://cfj.org/wp-content/uploads/2023/07/fair_trial_report_cambodia_kong_raiya.pdf#page=16
https://cfj.org/reports/cambodia-v-ros-sokhet/,Cambodia v. Ros Sokhet,conviction_sentence,3,,"Mr. Sokhet was criminally prosecuted, convicted, and sentenced for non-violent political speech, violating his right to freedom of expression.",https://cfj.org/wp-content/uploads/2023/07/fair_trial_report_cambodia_ros_sokhet.pdf#page=3
https://cfj.org/reports/cambodia-v-ros-sokhet/,Cambodia v. Ros Sokhet,conviction_sentence,3,,Mr. Sokhet was prosecuted and convicted for “incitement to disrupt social order.”,https://cfj.org/wp-content/uploads/2023/07/fair_trial_report_cambodia_ros_sokhet.pdf#page=3
https://cfj.org/reports/cambodia-v-ros-sokhet/,Cambodia v. Ros Sokhet,conviction_sentence,4,,"Notwithstanding such gaps, the court convicted Mr. Sokhet, resolving all doubts in the prosecution’s favor.",https://cfj.org/wp-content/uploads/2023/07/fair_trial_report_cambodia_ros_sokhet.pdf#page=4
https://cfj.org/reports/cambodia-v-ros-sokhet/,Cambodia v. Ros Sokhet,conviction_sentence,12,two years,Mr. Sokhet was sentenced to two years in prison but released after one year.,https://cfj.org/wp-content/uploads/2023/07/fair_trial_report_cambodia_ros_sokhet.pdf#page=12
https://cfj.org/reports/cambodia-v-ros-sokhet/,Cambodia v. Ros Sokhet,conviction_sentence,15,18 months,"On November 11, Mr. Sokhet was sentenced to 18 months imprisonment, with credit for time served, and fined two million riel (500 USD).",https://cfj.org/wp-content/uploads/2023/07/fair_trial_report_cambodia_ros_sokhet.pdf#page=15
https://cfj.org/reports/cambodia-v-ros-sokhet/,Cambodia v. Ros Sokhet,conviction_sentence,18,,"In the present case, Mr. Sokhet was convicted despite the prosecution’s manifest failure to prove guilt beyond a reasonable doubt.",https://cfj.org/wp-content/uploads/2023/07/fair_trial_report_cambodia_ros_sokhet.pdf#page=18
https://cfj.org/reports/cambodia-v-ros-sokhet/,Cambodia v. Ros Sokhet,pretrial_detention,3,,Mr. Sokhet was interrogated on June 26 and transferred to pre-trial detention at Prey Sar Prison thereafter.,https://cfj.org/wp-content/uploads/2023/07/fair_trial_report_cambodia_ros_sokhet.pdf#page=3
https://cfj.org/reports/cambodia-v-ros-sokhet/,Cambodia v. Ros Sokhet,pretrial_detention,13,,Phnom Penh Municipal Police Chief Sar Thet stated to local news reporters that Mr. Sokhet had committed the crime of “incitement to provoke social insecurity by criticizing the top leader.”47 Mr. Sokhet was interrogated on June 26 and transferred to pre-trial detention at Prey Sar Prison thereafter.,https://cfj.org/wp-content/uploads/2023/07/fair_trial_report_cambodia_ros_sokhet.pdf#page=13
https://cfj.org/reports/cambodia-v-ros-sokhet/,Cambodia v. Ros Sokhet,pretrial_detention,13,,"Mr. Sokhet remained in pre-trial detention in Prey Sar prison until his trial on October 27, 2020.",https://cfj.org/wp-content/uploads/2023/07/fair_trial_report_cambodia_ros_sokhet.pdf#page=13
https://cfj.org/reports/cambodia-v-ros-sokhet/,Cambodia v. Ros Sokhet,other_restrictions,12,,"On June 24, 2020, Mr. Sokhet posted on his Facebook page on behalf of Khmer Nation, criticizing Prime Minister Hun Sen for promoting his son as his successor and for allegedly ordering the confiscation of property of Cambodians struggling to pay back bank loans.",https://cfj.org/wp-content/uploads/2023/07/fair_trial_report_cambodia_ros_sokhet.pdf#page=12
https://cfj.org/reports/cambodia-v-ros-sokhet/,Cambodia v. Ros Sokhet,other_restrictions,15,,"On November 11, Mr. Sokhet was sentenced to 18 months imprisonment, with credit for time served, and fined two million riel (500 USD).",https://cfj.org/wp-content/uploads/2023/07/fair_trial_report_cambodia_ros_sokhet.pdf#page=15
https://cfj.org/reports/cambodia-v-theary-seng-september-2022/,Cambodia v. Theary Seng (September 2022),conviction_sentence,23,six years,"On June 14, 2022, the court announced its judgment: Ms. Seng and her co-defendants were all convicted of treason under Article 453 and conspiracy to incite social disorder under Articles 494 and 495 of the Cambodian Criminal Code. 129 Ms. Seng was sentenced to six years imprisonment. 130 The court’s oral announcement contained no explanation as to why it found Ms. Seng guilty.",https://cfj.org/wp-content/uploads/2023/07/Cambodia-v.-Theary-Seng-September-2022.pdf#page=23
https://cfj.org/reports/cambodia-v-theary-seng-september-2022/,Cambodia v. Theary Seng (September 2022),conviction_sentence,26,,"Ms. Seng was convicted based on “guilt by association” in that she identified with some (though not all) of the views and opinions expressed by opposition leader Sam Rainsy, had doubts about the democratic credentials of the existing government of Prime Minister Hun Sen, and supported democratic change.",https://cfj.org/wp-content/uploads/2023/07/Cambodia-v.-Theary-Seng-September-2022.pdf#page=26
https://cfj.org/reports/cambodia-v-theary-seng-september-2022/,Cambodia v. Theary Seng (September 2022),conviction_sentence,31,,"In the present case, Ms. Seng was convicted of both of the charges against her – conspiracy to commit treason under Article 453 and incitement to social disorder under Article 495 – despite demonstrable failures by the prosecution to prove its case against her beyond a reasonable doubt.",https://cfj.org/wp-content/uploads/2023/07/Cambodia-v.-Theary-Seng-September-2022.pdf#page=31
https://cfj.org/reports/cambodia-v-theary-seng-september-2022/,Cambodia v. Theary Seng (September 2022),conviction_sentence,32,,"Despite obvious evidentiary issues, which defense counsel raised in closing arguments, the court still convicted Ms. Seng.",https://cfj.org/wp-content/uploads/2023/07/Cambodia-v.-Theary-Seng-September-2022.pdf#page=32
https://cfj.org/reports/cambodia-v-theary-seng-september-2022/,Cambodia v. Theary Seng (September 2022),conviction_sentence,36,,"Moreover, Article 495, under which Ms. Seng was charged and convicted, is not precise enough to satisfy the principle of legality and is not narrowly tailored to protect legitimate interests.",https://cfj.org/wp-content/uploads/2023/07/Cambodia-v.-Theary-Seng-September-2022.pdf#page=36
https://cfj.org/reports/cambodia-v-theary-seng-september-2022/,Cambodia v. Theary Seng (September 2022),conviction_sentence,41,six years,"- Instead, Ms. Seng’s posts appeared to constitute precisely the type of political advocacy and criticism that have “particularly high” value and must be protected in a free society. 215 Thus, the restrictions levied on Ms. Seng – that is, her prosecution, conviction, and sentencing to six years imprisonment – were unnecessary and disproportionate.",https://cfj.org/wp-content/uploads/2023/07/Cambodia-v.-Theary-Seng-September-2022.pdf#page=41
https://cfj.org/reports/cambodia-v-theary-seng-september-2022/,Cambodia v. Theary Seng (September 2022),pretrial_detention,16,,"On January 4, 2022, Ms. Seng was walking to the courthouse wearing a “prison-style orange outfit and Khmer Rouge-era ankle shackles” (which one news outlet noted was likely a reference to “both the repression of the Pol Pot period and to current Prime Minister Hun Sen’s past as a mid-level Khmer Rouge commander”) when she was briefly detained",https://cfj.org/wp-content/uploads/2023/07/Cambodia-v.-Theary-Seng-September-2022.pdf#page=16
https://cfj.org/reports/cambodia-v-theary-seng-september-2022/,Cambodia v. Theary Seng (September 2022),pretrial_detention,22,,"Ms. Seng was not questioned but offered to be incarcerated in exchange for the release of another defendant in pretrial detention, Ms. Yok Neang, whose request for bail had been denied. 125",https://cfj.org/wp-content/uploads/2023/07/Cambodia-v.-Theary-Seng-September-2022.pdf#page=22
https://cfj.org/reports/cambodia-v-theary-seng-september-2022/,Cambodia v. Theary Seng (September 2022),pretrial_detention,23,,"On the afternoon the verdict was issued, following which Ms. Seng was taken into custody and brought to a prison in Phnom Penh, her lawyer attempted to visit her.",https://cfj.org/wp-content/uploads/2023/07/Cambodia-v.-Theary-Seng-September-2022.pdf#page=23
https://cfj.org/reports/cambodia-v-theary-seng-september-2022/,Cambodia v. Theary Seng (September 2022),pretrial_detention,34,,"Immediately after her conviction, Ms. Seng was arrested and detained.",https://cfj.org/wp-content/uploads/2023/07/Cambodia-v.-Theary-Seng-September-2022.pdf#page=34
https://cfj.org/reports/cambodia-v-theary-seng-september-2022/,Cambodia v. Theary Seng (September 2022),pretrial_detention,42,,"- As of the writing of this report in August 2022, Ms. Seng continues to be detained pending appeal.",https://cfj.org/wp-content/uploads/2023/07/Cambodia-v.-Theary-Seng-September-2022.pdf#page=42
https://cfj.org/reports/cambodia-v-theary-seng-september-2022/,Cambodia v. Theary Seng (September 2022),prolonged_proceedings,28,,"Indeed, the presiding trial judge and prosecution began questioning her on December 28, 2021 – before she had received the casefile, which she noted in court. 148 This lengthy delay in informing Ms. Seng of the “cause” of the charges against her was a violation of her right to be informed of the charges against her, as provided by Article 14(3)(a) of the ICCPR.",https://cfj.org/wp-content/uploads/2023/07/Cambodia-v.-Theary-Seng-September-2022.pdf#page=28
https://cfj.org/reports/cambodia-vs-uon-chhin-and-yeang-sothearin/,Cambodia vs. Uon Chhin and Yeang Sothearin,pretrial_detention,4,9 months,"Following their arrests, Mr. Chhin and Mr. Sothearin spent approximately 9 months in pretrial detention.",https://cfj.org/wp-content/uploads/2023/07/fairnessreport_cambodia_uc_ys.pdf#page=4
https://cfj.org/reports/cambodia-vs-uon-chhin-and-yeang-sothearin/,Cambodia vs. Uon Chhin and Yeang Sothearin,pretrial_detention,8,,"When Mr. Sothearin arrived, the police arrested both journalists, allegedly without specifying the basis of the arrest or the charges against them. 32 Mr. Chhin and Mr. Sothearin were subsequently transported to and detained at police headquarters in Phnom Penh.",https://cfj.org/wp-content/uploads/2023/07/fairnessreport_cambodia_uc_ys.pdf#page=8
https://cfj.org/reports/cambodia-vs-uon-chhin-and-yeang-sothearin/,Cambodia vs. Uon Chhin and Yeang Sothearin,pretrial_detention,12,,Mr. Chhin and Mr. Sothearin were arrested without being informed of the rationale; were detained without bail despite a lack of justification; were denied access to counsel in the initial stage of their detention; and suffered inhuman conditions in detention that seriously affected their health.,https://cfj.org/wp-content/uploads/2023/07/fairnessreport_cambodia_uc_ys.pdf#page=12
https://cfj.org/reports/cambodia-vs-uon-chhin-and-yeang-sothearin/,Cambodia vs. Uon Chhin and Yeang Sothearin,pretrial_detention,13,,"In the instant case, Mr. Chhin and Mr. Sothearin were detained from November 2017 to August 2018, during which time the government failed to demonstrate the necessity or reasonableness of the defendants’ detention.",https://cfj.org/wp-content/uploads/2023/07/fairnessreport_cambodia_uc_ys.pdf#page=13
https://cfj.org/reports/cambodia-vs-uon-chhin-and-yeang-sothearin/,Cambodia vs. Uon Chhin and Yeang Sothearin,pretrial_detention,15,,"In the present case, according to the source of the complaint to the Working Group, Mr. Chhin and Mr. Sothearin were held incommunicado for the first 24 hours they were detained at the Phnom Penh Municipal Police Headquarters.",https://cfj.org/wp-content/uploads/2023/07/fairnessreport_cambodia_uc_ys.pdf#page=15
https://cfj.org/reports/cambodia-vs-uon-chhin-and-yeang-sothearin/,Cambodia vs. Uon Chhin and Yeang Sothearin,pretrial_detention,21,nine months,"First, Mr. Chhin and Mr. Sothearin were held in detention for more than nine months over the course of the investigation, imposing a heightened duty to try the case expeditiously.",https://cfj.org/wp-content/uploads/2023/07/fairnessreport_cambodia_uc_ys.pdf#page=21
https://cfj.org/reports/cambodia-vs-uon-chhin-and-yeang-sothearin/,Cambodia vs. Uon Chhin and Yeang Sothearin,mistreatment,12,,Mr. Chhin and Mr. Sothearin were arrested without being informed of the rationale; were detained without bail despite a lack of justification; were denied access to counsel in the initial stage of their detention; and suffered inhuman conditions in detention that seriously affected their health.,https://cfj.org/wp-content/uploads/2023/07/fairnessreport_cambodia_uc_ys.pdf#page=12
https://cfj.org/reports/el-salvador-the-case-against-diana/,El Salvador: The Case Against Diana,pretrial_detention,3,,"The authorities arbitrarily detained Diana, prevented her from challenging her detention in person, hindered her communications with counsel, and undermined her ability to prepare her defense.",https://cfj.org/wp-content/uploads/2023/07/el_salvador_case_against_diana.pdf#page=3
https://cfj.org/reports/el-salvador-the-case-against-diana/,El Salvador: The Case Against Diana,pretrial_detention,4,,"At the hearing at which pretrial detention was imposed, Diana was conspicuously absent.",https://cfj.org/wp-content/uploads/2023/07/el_salvador_case_against_diana.pdf#page=4
https://cfj.org/reports/el-salvador-the-case-against-diana/,El Salvador: The Case Against Diana,pretrial_detention,13,,"At the pretrial detention hearing on November 5, 2018,74 Diana was not in attendance.",https://cfj.org/wp-content/uploads/2023/07/el_salvador_case_against_diana.pdf#page=13
https://cfj.org/reports/el-salvador-the-case-against-diana/,El Salvador: The Case Against Diana,pretrial_detention,14,,"Diana remained in detention at the hospital until May 9, 2019, when an appeals court amended the pretrial measures.",https://cfj.org/wp-content/uploads/2023/07/el_salvador_case_against_diana.pdf#page=14
https://cfj.org/reports/el-salvador-the-case-against-diana/,El Salvador: The Case Against Diana,pretrial_detention,22,,"Thereafter, Diana attempted suicide in detention and was transferred to a psychiatric hospital (as discussed further below).",https://cfj.org/wp-content/uploads/2023/07/el_salvador_case_against_diana.pdf#page=22
https://cfj.org/reports/el-salvador-the-case-against-diana/,El Salvador: The Case Against Diana,pretrial_detention,29,,"In the present case, Diana was detained for several months without receiving the psychiatric treatment she required given her documented mental health problems, causing significant suffering.",https://cfj.org/wp-content/uploads/2023/07/el_salvador_case_against_diana.pdf#page=29
https://cfj.org/reports/el-salvador-the-case-against-diana/,El Salvador: The Case Against Diana,mistreatment,3,,"Finally, Diana was subjected to conditions that violated the ban on cruel, inhuman, and degrading treatment as well as the right to humane treatment, including the denial of adequate medical care and shocking mismanagement of her mental health.",https://cfj.org/wp-content/uploads/2023/07/el_salvador_case_against_diana.pdf#page=3
https://cfj.org/reports/el-salvador-the-case-against-diana/,El Salvador: The Case Against Diana,mistreatment,3,,"Although the San Salvador court ultimately dismissed the charges against Diana for lack of evidence, the authorities’ conduct throughout the proceedings violated a number of her rights, including the right to liberty, the right to freedom from cruel, inhuman or degrading treatment, and the right to privacy.",https://cfj.org/wp-content/uploads/2023/07/el_salvador_case_against_diana.pdf#page=3
https://cfj.org/reports/el-salvador-the-case-against-diana/,El Salvador: The Case Against Diana,mistreatment,17,,"Professor Sorensen found that the proceedings against Diana failed to confirm to many fundamental standards of fairness and due process that are binding norms of international law, including the right to freedom from arbitrary detention, the right to prepare a defense, the prohibition against cruel, inhuman, and degrading treatment, the right to humane treatment, and the right to privacy.",https://cfj.org/wp-content/uploads/2023/07/el_salvador_case_against_diana.pdf#page=17
https://cfj.org/reports/final-report-the-case-of-paul-rusesabagina/,Final Report: The Case of Paul Rusesabagina,pretrial_detention,5,,"For instance, Mr. Rusesabagina alleged several times prior to trial—including in a signed affidavit filed with the Court before his withdrawal from the proceedings—that he had been detained incommunicado upon his arrival in Rwanda and ‘tied at the legs, face and hands.’",https://cfj.org/wp-content/uploads/2023/07/Paul-Rusesabagina-_Fairness-Report-April-2022.pdf#page=5
https://cfj.org/reports/final-report-the-case-of-paul-rusesabagina/,Final Report: The Case of Paul Rusesabagina,pretrial_detention,10,,"On March 1, the judges and parties visited the prison where Mr. Rusesabagina was detained.",https://cfj.org/wp-content/uploads/2023/07/Paul-Rusesabagina-_Fairness-Report-April-2022.pdf#page=10
https://cfj.org/reports/final-report-the-case-of-paul-rusesabagina/,Final Report: The Case of Paul Rusesabagina,mistreatment,3,,It did not investigate allegations that Mr. Rusesabagina’s ‘admissions’ had been extracted by torture or maltreatment.,https://cfj.org/wp-content/uploads/2023/07/Paul-Rusesabagina-_Fairness-Report-April-2022.pdf#page=3
https://cfj.org/reports/final-report-the-case-of-paul-rusesabagina/,Final Report: The Case of Paul Rusesabagina,mistreatment,6,,"when Mr. Rusesabagina alleged, including before the Court, that he was being held incommunicado and subjected to mistreatment.",https://cfj.org/wp-content/uploads/2023/07/Paul-Rusesabagina-_Fairness-Report-April-2022.pdf#page=6
https://cfj.org/reports/final-report-the-case-of-paul-rusesabagina/,Final Report: The Case of Paul Rusesabagina,mistreatment,23,,"Additionally, while testifying, several of Mr. Rusesabagina’s co-defendants recanted statements they had apparently given prior to the trial, including because they had been or feared being mistreated. 134 Mr. Ntabanganyimana said of his statement to the RIB,",https://cfj.org/wp-content/uploads/2023/07/Paul-Rusesabagina-_Fairness-Report-April-2022.pdf#page=23
https://cfj.org/reports/final-report-the-case-of-paul-rusesabagina/,Final Report: The Case of Paul Rusesabagina,mistreatment,24,,"The prosecution instead relied principally on statements Mr. Rusesabagina apparently made upon his arrival in Rwanda—during a period when, as described in the Background Briefing on the case by American Bar Association Center for Human Rights staff141 and elaborated in more detail below, Mr. Rusesabagina was without counsel and has alleged he was subjected to mistreatment.",https://cfj.org/wp-content/uploads/2023/07/Paul-Rusesabagina-_Fairness-Report-April-2022.pdf#page=24
https://cfj.org/reports/final-report-the-case-of-paul-rusesabagina/,Final Report: The Case of Paul Rusesabagina,mistreatment,32,,"Mr. Rusesabagina and his defense team have consistently alleged mistreatment during his initial period of detention in Rwanda—at least through August 31, when the Rwandan authorities announced that he was in their custody.",https://cfj.org/wp-content/uploads/2023/07/Paul-Rusesabagina-_Fairness-Report-April-2022.pdf#page=32
https://cfj.org/reports/final-report-the-case-of-paul-rusesabagina/,Final Report: The Case of Paul Rusesabagina,mistreatment,43,,"Instead, as discussed above, the Court relied on statements made by Mr. Rusesabagina during a period when (or shortly after) he has alleged he was subject to mistreatment and deprived of access to counsel of his choice.",https://cfj.org/wp-content/uploads/2023/07/Paul-Rusesabagina-_Fairness-Report-April-2022.pdf#page=43
https://cfj.org/reports/final-report-the-case-of-paul-rusesabagina/,Final Report: The Case of Paul Rusesabagina,other_restrictions,10,,The Court concluded that Mr. Rusesabagina lacked adequate facilities to prepare for trial and that case documents had been inappropriately confiscated.,https://cfj.org/wp-content/uploads/2023/07/Paul-Rusesabagina-_Fairness-Report-April-2022.pdf#page=10
https://cfj.org/reports/government-of-thailand-chaiwat-limlikhitaksorn-v-wuth-boonlert-samak-donnapee/,Government of Thailand & Chaiwat Limlikhitaksorn v. Wuth Boonlert & Samak Donnapee,mistreatment,6,,"In 2016, staff at Cross Cultural Foundation (a non-profit organization that provided legal representation for Wuth Boonlert in the present case) were charged with criminal defamation for publishing a report online concerning allegations of torture committed by Thai military officials—a report partly funded by the United Nations Voluntary Fund for Victims of Torture.",https://cfj.org/wp-content/uploads/2023/07/Fairness-Report-on-the-Trials-of-Wut-Boonlert-and-Samak-Donnapee-in-Thailand.pdf#page=6
https://cfj.org/reports/hong-kong-special-administrative-region-v-bao-choy-yuk-ling/,Hong Kong Special Administrative Region v. Bao Choy Yuk-ling,conviction_sentence,18,"$6,000","On April 22, 2021, the Court convicted Bao Choy of making false statements in violation of the Road Traffic Ordinance and sentenced her to pay a fine of HK $6,000 (3,000 for the two times she used the database, approximately USD $775 in total).",https://cfj.org/wp-content/uploads/2023/07/Bao-Choy_July-2021_Fairness-Report-1.pdf#page=18
https://cfj.org/reports/hong-kong-special-administrative-region-v-bao-choy-yuk-ling/,Hong Kong Special Administrative Region v. Bao Choy Yuk-ling,conviction_sentence,29,,That the court nevertheless convicted Bao Choy despite this dearth of evidence of her knowledge that what she was doing was wrong is also suggestive of abuse of process.,https://cfj.org/wp-content/uploads/2023/07/Bao-Choy_July-2021_Fairness-Report-1.pdf#page=29
https://cfj.org/reports/hong-kong-special-administrative-region-v-bao-choy-yuk-ling/,Hong Kong Special Administrative Region v. Bao Choy Yuk-ling,conviction_sentence,29,,"Finally, it also is worth noting, in considering prosecutorial resources and priorities, that on the date of her conviction almost two years after the Yuen Long violent attack, Bao Choy--a journalist whose reporting was intended to hold perpetrators accountable and expose potential complicity from the authorities—was the only person who had been convicted of any offense related to the attack.",https://cfj.org/wp-content/uploads/2023/07/Bao-Choy_July-2021_Fairness-Report-1.pdf#page=29
https://cfj.org/reports/hong-kong-special-administrative-region-v-bao-choy-yuk-ling/,Hong Kong Special Administrative Region v. Bao Choy Yuk-ling,other_restrictions,18,"$6,000","On April 22, 2021, the Court convicted Bao Choy of making false statements in violation of the Road Traffic Ordinance and sentenced her to pay a fine of HK $6,000 (3,000 for the two times she used the database, approximately USD $775 in total).",https://cfj.org/wp-content/uploads/2023/07/Bao-Choy_July-2021_Fairness-Report-1.pdf#page=18
https://cfj.org/reports/hong-kong-special-administrative-region-v-tam-tak-chi/,Hong Kong Special Administrative Region v. Tam Tak-chi,conviction_sentence,3,,"The Court also convicted Tam Tak-chi of violations of Hong Kong’s Public Order Ordinance for organising an unauthorised assembly, inciting others to join it, and disobeying a police order to disperse.",https://cfj.org/wp-content/uploads/2023/07/Tam-Tak-Chi-Fairness-Report-May-2022.pdf#page=3
https://cfj.org/reports/hong-kong-special-administrative-region-v-tam-tak-chi/,Hong Kong Special Administrative Region v. Tam Tak-chi,conviction_sentence,4,two years,"Of the 11 charges of which Tam Tak-chi was convicted, the longest sentence (two years) was given to the first charge, inciting others to knowingly participate in an unauthorised assembly in January 2020.",https://cfj.org/wp-content/uploads/2023/07/Tam-Tak-Chi-Fairness-Report-May-2022.pdf#page=4
https://cfj.org/reports/hong-kong-special-administrative-region-v-tam-tak-chi/,Hong Kong Special Administrative Region v. Tam Tak-chi,conviction_sentence,4,,"In the proceedings against him, Tam Tak-chi was denied his procedural rights to a fair trial— in particular, the right to an impartial tribunal—and was charged and convicted under a vague and overbroad statute for making political statements.",https://cfj.org/wp-content/uploads/2023/07/Tam-Tak-Chi-Fairness-Report-May-2022.pdf#page=4
https://cfj.org/reports/hong-kong-special-administrative-region-v-tam-tak-chi/,Hong Kong Special Administrative Region v. Tam Tak-chi,conviction_sentence,29,,"The Court also convicted Tam Tak-chi of disorderly conduct (charge 3) for shouting slogans to a group of onlookers and using insulting speech on January 19, 2020.",https://cfj.org/wp-content/uploads/2023/07/Tam-Tak-Chi-Fairness-Report-May-2022.pdf#page=29
https://cfj.org/reports/hong-kong-special-administrative-region-v-tam-tak-chi/,Hong Kong Special Administrative Region v. Tam Tak-chi,conviction_sentence,29,"40 months; $5,000","On April 20, 2022, the District Court ordered Tam Tak-chi sentenced to 40 months in prison and a HK $5,000 fine after his conviction on 11 of the 14 charges.",https://cfj.org/wp-content/uploads/2023/07/Tam-Tak-Chi-Fairness-Report-May-2022.pdf#page=29
https://cfj.org/reports/hong-kong-special-administrative-region-v-tam-tak-chi/,Hong Kong Special Administrative Region v. Tam Tak-chi,conviction_sentence,29,one month,"The Court also ordered Tam Tak-chi sentenced to one month in prison for disorderly conduct in a public place (charge three) and one-and-a-half years for holding an unauthorised assembly, three months to be served consecutively with the full sentence.",https://cfj.org/wp-content/uploads/2023/07/Tam-Tak-Chi-Fairness-Report-May-2022.pdf#page=29
https://cfj.org/reports/hong-kong-special-administrative-region-v-tam-tak-chi/,Hong Kong Special Administrative Region v. Tam Tak-chi,other_restrictions,4,one month,"The Court also issued a sentence of one-and-a-half years (3 months to be served consecutively) to Tam Tak-chi for holding or convening an unauthorised assembly in May 2020, in addition to a further one month for disorderly conduct and a fine for disobeying a police order, in violation of the Public Order Ordinance (POO).",https://cfj.org/wp-content/uploads/2023/07/Tam-Tak-Chi-Fairness-Report-May-2022.pdf#page=4
https://cfj.org/reports/hong-kong-special-administrative-region-v-tong-ying-kit/,Hong Kong Special Administrative Region v. Tong Ying-kit,conviction_sentence,3,nine years,"These violations resulted in a guilty verdict and significant sentence for the defendant in this case, Tong Ying-kit, now sentenced to nine years in prison.",https://cfj.org/wp-content/uploads/2023/07/Tong-Ying-kit-Fairness-Report-December-2021.pdf#page=3
https://cfj.org/reports/hong-kong-special-administrative-region-v-tong-ying-kit/,Hong Kong Special Administrative Region v. Tong Ying-kit,conviction_sentence,3,,"On July 27, 2021, the Court convicted Tong Ying-kit of both National Security Law offences, terrorist activities and incitement to secession (not reaching the alternative grounds), subsequently sentencing him to a total of nine years in prison (six and a half for the secession charge, eight and a half for the terrorism charge, to be served partly concurrently).",https://cfj.org/wp-content/uploads/2023/07/Tong-Ying-kit-Fairness-Report-December-2021.pdf#page=3
https://cfj.org/reports/hong-kong-special-administrative-region-v-tong-ying-kit/,Hong Kong Special Administrative Region v. Tong Ying-kit,conviction_sentence,3,,"In particular, the defendant in this case, Tong Ying-kit, was charged under this new law on its first day in effect, when many in Hong Kong had not yet seen it; the offences for which he was convicted—terrorist activities and incitement to secession—were facially broad and often vague, and made broader by the Court’s interpretation of them.",https://cfj.org/wp-content/uploads/2023/07/Tong-Ying-kit-Fairness-Report-December-2021.pdf#page=3
https://cfj.org/reports/hong-kong-special-administrative-region-v-tong-ying-kit/,Hong Kong Special Administrative Region v. Tong Ying-kit,conviction_sentence,4,,"The Court also convicted Tong Ying-kit of ‘terrorist activities’ from his collision with police—a collision that, according to the testimony of one prosecution expert, the defendant had attempted to avoid.",https://cfj.org/wp-content/uploads/2023/07/Tong-Ying-kit-Fairness-Report-December-2021.pdf#page=4
https://cfj.org/reports/hong-kong-special-administrative-region-v-tong-ying-kit/,Hong Kong Special Administrative Region v. Tong Ying-kit,conviction_sentence,34,,"The Court convicted Tong Ying-kit of two offenses under the National Security Law, namely, inciting secession and terrorist activities.",https://cfj.org/wp-content/uploads/2023/07/Tong-Ying-kit-Fairness-Report-December-2021.pdf#page=34
https://cfj.org/reports/hong-kong-special-administrative-region-v-tong-ying-kit/,Hong Kong Special Administrative Region v. Tong Ying-kit,conviction_sentence,49,nine-year,"These concerns were not alleviated but rather aggravated by the Court’s interpretation of these offences and the severe nine-year prison sentence the Court issued to Tong Ying-kit in this, the first test of the National Security Law.",https://cfj.org/wp-content/uploads/2023/07/Tong-Ying-kit-Fairness-Report-December-2021.pdf#page=49
https://cfj.org/reports/hong-kong-special-administrative-region-v-tong-ying-kit/,Hong Kong Special Administrative Region v. Tong Ying-kit,pretrial_detention,3,,"Held in detention and denied bail under the new strict bail standard from July 6, 2020 until his trial in June 2021, Tong Ying-kit was denied a jury and tried by a panel of three national security judges, appointed by the Chief Executive of Hong Kong, in a 15-day trial.",https://cfj.org/wp-content/uploads/2023/07/Tong-Ying-kit-Fairness-Report-December-2021.pdf#page=3
https://cfj.org/reports/indonesia-vs-suzethe-margaret/,Indonesia vs. Suzethe Margaret,pretrial_detention,4,,"On July 1, 2019, the police ordered that Ms. Margaret be detained pending trial but immediately suspended the order (a procedure called pembantaran penahanan), referring Ms. Margaret to the Indonesian National Police (Polri) Hospital for observation.",https://cfj.org/wp-content/uploads/2023/07/Indonesia-vs.-Suzethe-Margaret-Fairness-Report.pdf#page=4
https://cfj.org/reports/kazakhstan-v-askhat-zheksebaev-et-al/,Kazakhstan v. Askhat Zheksebaev et al.,conviction_sentence,3,,"Nonetheless, Mr. Zheksebaev was convicted and sentenced to jail in a trial marred by severe irregularities, which included the court barring the defense from questioning key prosecution witnesses.",https://cfj.org/wp-content/uploads/2023/07/EN-Zheksebaev-Fairness-Report_November-2022.pdf#page=3
https://cfj.org/reports/kazakhstan-v-askhat-zheksebaev-et-al/,Kazakhstan v. Askhat Zheksebaev et al.,conviction_sentence,4,,"On October 11, 2021, Mr. Zheksebaev was convicted of “being the leader and organizer of the extremist organization ‘Koshe Party’” and sentenced to “imprisonment for a period of 5 (five) years with deprivation of the right to engage in social and political activities using the media and telecommunication networks for a period of 5 (five) years.” 1",https://cfj.org/wp-content/uploads/2023/07/EN-Zheksebaev-Fairness-Report_November-2022.pdf#page=4
https://cfj.org/reports/kazakhstan-v-askhat-zheksebaev-et-al/,Kazakhstan v. Askhat Zheksebaev et al.,conviction_sentence,5,,"Also indicative of a predetermined outcome was the court’s convicting judgment, which functionally disregards the fact that almost all of the specific acts for which Mr. Zheksebaev was convicted occurred before the decision banning the Koshe Party went into effect, meaning that they were not criminal at the time.",https://cfj.org/wp-content/uploads/2023/07/EN-Zheksebaev-Fairness-Report_November-2022.pdf#page=5
https://cfj.org/reports/kazakhstan-v-askhat-zheksebaev-et-al/,Kazakhstan v. Askhat Zheksebaev et al.,conviction_sentence,17,,"On February 15, 2019, after he participated in a protest, Mr. Zheksebaev was convicted and fined by a court in Almaty under Article 443 of the Code of Administrative Offenses of the Republic of Kazakhstan (“Administrative Code”), which penalizes insubordination against a law enforcement officer.",https://cfj.org/wp-content/uploads/2023/07/EN-Zheksebaev-Fairness-Report_November-2022.pdf#page=17
https://cfj.org/reports/kazakhstan-v-askhat-zheksebaev-et-al/,Kazakhstan v. Askhat Zheksebaev et al.,conviction_sentence,18,15 days,"On November 16, 2019, Mr. Zheksebaev was tried in administrative court and sentenced to 15 days of detention.",https://cfj.org/wp-content/uploads/2023/07/EN-Zheksebaev-Fairness-Report_November-2022.pdf#page=18
https://cfj.org/reports/kazakhstan-v-askhat-zheksebaev-et-al/,Kazakhstan v. Askhat Zheksebaev et al.,conviction_sentence,18,15 days,"• On February 14, 2020, Mr. Zheksebaev was sentenced to 15 days of detention after participating in demonstrations.",https://cfj.org/wp-content/uploads/2023/07/EN-Zheksebaev-Fairness-Report_November-2022.pdf#page=18
https://cfj.org/reports/kazakhstan-v-askhat-zheksebaev-et-al/,Kazakhstan v. Askhat Zheksebaev et al.,pretrial_detention,4,,"Mr. Zheksebaev is an activist who has repeatedly been arrested and detained for administrative offenses based on his participation in peaceful rallies, campaigns, and pickets.",https://cfj.org/wp-content/uploads/2023/07/EN-Zheksebaev-Fairness-Report_November-2022.pdf#page=4
https://cfj.org/reports/kazakhstan-v-askhat-zheksebaev-et-al/,Kazakhstan v. Askhat Zheksebaev et al.,pretrial_detention,4,,"On August 22, 2020, he was detained on Article 405 charges; the prosecution alleged that from April–June 2020, Mr. Zheksebaev posted videos and messages in support of the Koshe Party on social media and communicated with other Koshe Party members over Telegram about Party activities, including rallies.",https://cfj.org/wp-content/uploads/2023/07/EN-Zheksebaev-Fairness-Report_November-2022.pdf#page=4
https://cfj.org/reports/kazakhstan-v-askhat-zheksebaev-et-al/,Kazakhstan v. Askhat Zheksebaev et al.,pretrial_detention,4,one year,"Following his arrest, Mr. Zheksebaev spent nearly one year in pretrial detention.",https://cfj.org/wp-content/uploads/2023/07/EN-Zheksebaev-Fairness-Report_November-2022.pdf#page=4
https://cfj.org/reports/kazakhstan-v-askhat-zheksebaev-et-al/,Kazakhstan v. Askhat Zheksebaev et al.,pretrial_detention,18,,"Mr. Zheksebaev was subsequently arrested and detained several times in 2020, including the following instances:",https://cfj.org/wp-content/uploads/2023/07/EN-Zheksebaev-Fairness-Report_November-2022.pdf#page=18
https://cfj.org/reports/kazakhstan-v-askhat-zheksebaev-et-al/,Kazakhstan v. Askhat Zheksebaev et al.,pretrial_detention,21,,"On August 22, 2020, Mr. Zheksebaev was detained.",https://cfj.org/wp-content/uploads/2023/07/EN-Zheksebaev-Fairness-Report_November-2022.pdf#page=21
https://cfj.org/reports/kazakhstan-v-askhat-zheksebaev-et-al/,Kazakhstan v. Askhat Zheksebaev et al.,pretrial_detention,21,,"After his arrest, Mr. Zheksebaev was placed in pretrial detention.",https://cfj.org/wp-content/uploads/2023/07/EN-Zheksebaev-Fairness-Report_November-2022.pdf#page=21
https://cfj.org/reports/kazakhstan-v-askhat-zheksebaev-et-al/,Kazakhstan v. Askhat Zheksebaev et al.,other_restrictions,17,,"On February 15, 2019, after he participated in a protest, Mr. Zheksebaev was convicted and fined by a court in Almaty under Article 443 of the Code of Administrative Offenses of the Republic of Kazakhstan (“Administrative Code”), which penalizes insubordination against a law enforcement officer.",https://cfj.org/wp-content/uploads/2023/07/EN-Zheksebaev-Fairness-Report_November-2022.pdf#page=17
https://cfj.org/reports/kazakhstan-v-askhat-zheksebaev-et-al/,Kazakhstan v. Askhat Zheksebaev et al.,other_restrictions,21,,"According to reporting from Radio Azattyq, after his arrest the police searched Mr. Zheksebaev’s house when only a minor child was present and confiscated a computer and several cell phones, which were later returned in severely damaged condition.",https://cfj.org/wp-content/uploads/2023/07/EN-Zheksebaev-Fairness-Report_November-2022.pdf#page=21
https://cfj.org/reports/malaysia-v-malaysiakini-and-steven-gan/,Malaysia v. Malaysiakini and Steven Gan,conviction_sentence,3,,"On February 19, 2021, Malaysiakini was convicted of contempt and fined and Gan was acquitted.",https://cfj.org/wp-content/uploads/2023/07/Malaysiakini-and-Steven-Gan_October-2021_Malaysia_Fairness-Report.pdf#page=3
https://cfj.org/reports/malaysia-v-malaysiakini-and-steven-gan/,Malaysia v. Malaysiakini and Steven Gan,conviction_sentence,21,,"On February 19, 2021, the Federal Court found Malaysiakini guilty of contempt and acquitted editor-in-chief Steven Gan.",https://cfj.org/wp-content/uploads/2023/07/Malaysiakini-and-Steven-Gan_October-2021_Malaysia_Fairness-Report.pdf#page=21
https://cfj.org/reports/malaysia-v-malaysiakini-and-steven-gan/,Malaysia v. Malaysiakini and Steven Gan,pretrial_detention,16,,"In May 2021, two Malaysiakini journalists were summoned by the police for questioning as part of an investigation into a series of articles covering allegations that a detainee had died due to mistreatment in custody.",https://cfj.org/wp-content/uploads/2023/07/Malaysiakini-and-Steven-Gan_October-2021_Malaysia_Fairness-Report.pdf#page=16
https://cfj.org/reports/malaysia-v-malaysiakini-and-steven-gan/,Malaysia v. Malaysiakini and Steven Gan,mistreatment,16,,"In May 2021, two Malaysiakini journalists were summoned by the police for questioning as part of an investigation into a series of articles covering allegations that a detainee had died due to mistreatment in custody.",https://cfj.org/wp-content/uploads/2023/07/Malaysiakini-and-Steven-Gan_October-2021_Malaysia_Fairness-Report.pdf#page=16
https://cfj.org/reports/malaysia-v-malaysiakini-and-steven-gan/,Malaysia v. Malaysiakini and Steven Gan,reputational_harm,36,,The threat posed by the Delfi comments to the shareholder’s reputation and safety was much graver than that posed to the judiciary as the result of the Malaysiakini comments.,https://cfj.org/wp-content/uploads/2023/07/Malaysiakini-and-Steven-Gan_October-2021_Malaysia_Fairness-Report.pdf#page=36
https://cfj.org/reports/malaysia-v-malaysiakini-and-steven-gan/,Malaysia v. Malaysiakini and Steven Gan,other_restrictions,3,,"On February 19, 2021, Malaysiakini was convicted of contempt and fined and Gan was acquitted.",https://cfj.org/wp-content/uploads/2023/07/Malaysiakini-and-Steven-Gan_October-2021_Malaysia_Fairness-Report.pdf#page=3
https://cfj.org/reports/malaysia-v-malaysiakini-and-steven-gan/,Malaysia v. Malaysiakini and Steven Gan,other_restrictions,40,,"News outlets in Malaysia are sure to have taken note of the Malaysiakini precedent that unmoderated comments on an article can now incur fines and perhaps imprisonment, potentially even absent actual knowledge.",https://cfj.org/wp-content/uploads/2023/07/Malaysiakini-and-Steven-Gan_October-2021_Malaysia_Fairness-Report.pdf#page=40
https://cfj.org/reports/morocco-v-omar-radi/,Morocco v. Omar Radi,conviction_sentence,11,four-month,"On March 17, Mr. Radi was found guilty and sentenced to a four-month suspended sentence and 500 Dirham fine.",https://cfj.org/wp-content/uploads/2023/07/Fairness-Report-on-the-Trial-of-Omar-Radi-in-Morocco.pdf#page=11
https://cfj.org/reports/morocco-v-omar-radi/,Morocco v. Omar Radi,conviction_sentence,13,four-month,"On March 17, 2020, the trial judge convicted Mr. Radi and gave him a four-month suspended sentence and 500 Dirham fine.",https://cfj.org/wp-content/uploads/2023/07/Fairness-Report-on-the-Trial-of-Omar-Radi-in-Morocco.pdf#page=13
https://cfj.org/reports/morocco-v-omar-radi/,Morocco v. Omar Radi,conviction_sentence,14,,"By contrast, and appearing to apply a different standard that did not require the prosecution to show intent, the trial judge convicted Mr. Radi under that article.",https://cfj.org/wp-content/uploads/2023/07/Fairness-Report-on-the-Trial-of-Omar-Radi-in-Morocco.pdf#page=14
https://cfj.org/reports/morocco-v-omar-radi/,Morocco v. Omar Radi,conviction_sentence,17,,Mr. Radi’s conviction also raises concern regarding respect for his right to be presumed innocent because the court convicted him despite a dearth of evidence that he had intended to harm the honor of a member of the judiciary through his tweet.,https://cfj.org/wp-content/uploads/2023/07/Fairness-Report-on-the-Trial-of-Omar-Radi-in-Morocco.pdf#page=17
https://cfj.org/reports/morocco-v-omar-radi/,Morocco v. Omar Radi,conviction_sentence,23,,"Such was the case in the proceedings against Mr. Radi, who was prosecuted, detained and convicted for exercising his right to free expression through a tweet critical of the judiciary.",https://cfj.org/wp-content/uploads/2023/07/Fairness-Report-on-the-Trial-of-Omar-Radi-in-Morocco.pdf#page=23
https://cfj.org/reports/morocco-v-omar-radi/,Morocco v. Omar Radi,pretrial_detention,11,,"A hearing was then held at 6 p.m. in front of the presiding judge,47 following which Mr. Radi was charged with insulting the judiciary under Article 263 of Morocco’s Penal Code48 and sent to pre-trial detention.",https://cfj.org/wp-content/uploads/2023/07/Fairness-Report-on-the-Trial-of-Omar-Radi-in-Morocco.pdf#page=11
https://cfj.org/reports/morocco-v-omar-radi/,Morocco v. Omar Radi,pretrial_detention,23,,"Such was the case in the proceedings against Mr. Radi, who was prosecuted, detained and convicted for exercising his right to free expression through a tweet critical of the judiciary.",https://cfj.org/wp-content/uploads/2023/07/Fairness-Report-on-the-Trial-of-Omar-Radi-in-Morocco.pdf#page=23
https://cfj.org/reports/morocco-v-omar-radi-ii/,Morocco v. Omar Radi II,conviction_sentence,4,,"More recently, in March 2020, Mr. Radi was convicted of insulting the Moroccan judiciary and given a suspended sentence due to a tweet in which he criticized a judicial decision upholding harsh sentences for protesters involved in the 2016 Hirak Rif movement.",https://cfj.org/wp-content/uploads/2023/07/Omar-Radi-Fairness-Report-July-2022.pdf#page=4
https://cfj.org/reports/morocco-v-omar-radi-ii/,Morocco v. Omar Radi II,conviction_sentence,5,six years,"On July 19, 2021, Mr. Radi was convicted on all counts and sentenced to six years in prison.",https://cfj.org/wp-content/uploads/2023/07/Omar-Radi-Fairness-Report-July-2022.pdf#page=5
https://cfj.org/reports/morocco-v-omar-radi-ii/,Morocco v. Omar Radi II,conviction_sentence,13,,"On March 17, 2020, Mr. Radi was convicted of insulting the Moroccan judiciary after he wrote a tweet criticizing a Moroccan court’s decision to uphold severe sentences for the leaders of the Hirak Rif protests.",https://cfj.org/wp-content/uploads/2023/07/Omar-Radi-Fairness-Report-July-2022.pdf#page=13
https://cfj.org/reports/morocco-v-omar-radi-ii/,Morocco v. Omar Radi II,conviction_sentence,26,three-month,"Additionally, separate from the espionage and rape case, in August 2021, Mr. Radi and Mr. Stitou were convicted and given three-month suspended sentences for public drunkenness relating to their July 2020 encounter with the Chouf TV cameraman.",https://cfj.org/wp-content/uploads/2023/07/Omar-Radi-Fairness-Report-July-2022.pdf#page=26
https://cfj.org/reports/morocco-v-omar-radi-ii/,Morocco v. Omar Radi II,conviction_sentence,40,,"The proceedings against Mr. Radi meet the standards for finding an abuse of process, principally due to the political context, the flawed process through which he was convicted, and the leaps of logic in the Judgment.",https://cfj.org/wp-content/uploads/2023/07/Omar-Radi-Fairness-Report-July-2022.pdf#page=40
https://cfj.org/reports/morocco-v-omar-radi-ii/,Morocco v. Omar Radi II,pretrial_detention,4,,"While in detention, Mr. Radi suffered from serious medical issues including diarrhea, vomiting, and weight loss.",https://cfj.org/wp-content/uploads/2023/07/Omar-Radi-Fairness-Report-July-2022.pdf#page=4
https://cfj.org/reports/morocco-v-omar-radi-ii/,Morocco v. Omar Radi II,pretrial_detention,6,,"From Mr. Radi’s pre-trial detention through the appeal process, the proceedings were riddled with violations of international fair trial standards.",https://cfj.org/wp-content/uploads/2023/07/Omar-Radi-Fairness-Report-July-2022.pdf#page=6
https://cfj.org/reports/morocco-v-omar-radi-ii/,Morocco v. Omar Radi II,pretrial_detention,6,,"Second, Mr. Radi was arbitrarily detained for nearly a year prior to and during trial.",https://cfj.org/wp-content/uploads/2023/07/Omar-Radi-Fairness-Report-July-2022.pdf#page=6
https://cfj.org/reports/morocco-v-omar-radi-ii/,Morocco v. Omar Radi II,pretrial_detention,6,19 months,"Between his arrest and the end of his trial, Mr. Radi was in detention for over 19 months.",https://cfj.org/wp-content/uploads/2023/07/Omar-Radi-Fairness-Report-July-2022.pdf#page=6
https://cfj.org/reports/morocco-v-omar-radi-ii/,Morocco v. Omar Radi II,pretrial_detention,27,,"Second, Professor Garry concluded that Mr. Radi had been arbitrarily detained prior to and during trial, during which period he faced serious medical issues and experienced inhumane treatment.",https://cfj.org/wp-content/uploads/2023/07/Omar-Radi-Fairness-Report-July-2022.pdf#page=27
https://cfj.org/reports/morocco-v-omar-radi-ii/,Morocco v. Omar Radi II,pretrial_detention,31,,"In Mr. Radi’s case, the investigating judge justified initial pre-trial detention in light of “the dangerous nature of criminal acts, breach of public order and the presence of evidence.”236 This reliance on the ostensible seriousness of the crimes charged, as well as alleged evidence of guilt, is inconsistent with international standards.",https://cfj.org/wp-content/uploads/2023/07/Omar-Radi-Fairness-Report-July-2022.pdf#page=31
https://cfj.org/reports/morocco-v-omar-radi-ii/,Morocco v. Omar Radi II,mistreatment,5,,"Ultimately, on July 29, 2020, the government arrested Mr. Radi and charged him with four crimes: undermining the internal security of the State; undermining the external security of the State; indecent assault; and, rape.",https://cfj.org/wp-content/uploads/2023/07/Omar-Radi-Fairness-Report-July-2022.pdf#page=5
https://cfj.org/reports/morocco-v-omar-radi-ii/,Morocco v. Omar Radi II,mistreatment,5,,The second set of charges alleged that Mr. Radi assaulted and raped a colleague in July 2020.,https://cfj.org/wp-content/uploads/2023/07/Omar-Radi-Fairness-Report-July-2022.pdf#page=5
https://cfj.org/reports/morocco-v-omar-radi-ii/,Morocco v. Omar Radi II,mistreatment,27,,"Second, Professor Garry concluded that Mr. Radi had been arbitrarily detained prior to and during trial, during which period he faced serious medical issues and experienced inhumane treatment.",https://cfj.org/wp-content/uploads/2023/07/Omar-Radi-Fairness-Report-July-2022.pdf#page=27
https://cfj.org/reports/morocco-v-omar-radi-ii/,Morocco v. Omar Radi II,mistreatment,33,,"Here, Mr. Radi was detained for nearly a year before his conviction, primarily in solitary confinement.",https://cfj.org/wp-content/uploads/2023/07/Omar-Radi-Fairness-Report-July-2022.pdf#page=33
https://cfj.org/reports/morocco-v-omar-radi-ii/,Morocco v. Omar Radi II,mistreatment,34,,"Similar to the complainants in Sendic Antonaccio and Ali Aarass, Mr. Radi was denied medical treatment in disregard of his humanity and without respect for his inherent dignity, and his detention and confinement were prolonged, indefinite, and lacked basic guarantees, such that he was subjected to inhumane treatment in violation of Article 16 of the CAT and Article 10 of the ICCPR.",https://cfj.org/wp-content/uploads/2023/07/Omar-Radi-Fairness-Report-July-2022.pdf#page=34
https://cfj.org/reports/morocco-v-omar-radi-ii/,Morocco v. Omar Radi II,mistreatment,38,,The court also arbitrarily discounted testimony from Imad Stitou as to the sexual assault charge against Mr. Radi.,https://cfj.org/wp-content/uploads/2023/07/Omar-Radi-Fairness-Report-July-2022.pdf#page=38
https://cfj.org/reports/morocco-v-omar-radi-ii/,Morocco v. Omar Radi II,reputational_harm,4,,"From the start of the investigation, Mr. Radi’s presumption of innocence was compromised as government-affiliated media outlets launched a smear campaign against him.",https://cfj.org/wp-content/uploads/2023/07/Omar-Radi-Fairness-Report-July-2022.pdf#page=4
https://cfj.org/reports/morocco-v-omar-radi-ii/,Morocco v. Omar Radi II,reputational_harm,6,,"First, what appears to have been a coordinated smear campaign raises issues regarding Mr. Radi’s right to be presumed innocent as State-affiliated news outlets launched widespread and negative coverage of Mr. Radi beginning in June 2020.",https://cfj.org/wp-content/uploads/2023/07/Omar-Radi-Fairness-Report-July-2022.pdf#page=6
https://cfj.org/reports/morocco-v-omar-radi-ii/,Morocco v. Omar Radi II,reputational_harm,29,,"Beginning in early 2020, Mr. Radi became the subject of a persistent smear campaign by media outlets known to be close to the Moroccan government.",https://cfj.org/wp-content/uploads/2023/07/Omar-Radi-Fairness-Report-July-2022.pdf#page=29
https://cfj.org/reports/russia-vs-aleksey-navalny/,Russia vs. Aleksey Navalny,conviction_sentence,3,,Just weeks after returning to Russia from Germany—where he had been recuperating from having been poisoned—Russian opposition leader Aleksey Navalny was tried and convicted of slander.,https://cfj.org/wp-content/uploads/2023/07/Eng-Navalny-Fairness-Report-Apr-7-2022-Final.pdf#page=3
https://cfj.org/reports/russia-vs-aleksey-navalny/,Russia vs. Aleksey Navalny,conviction_sentence,5,,"On February 20, 2021—the same day an appellate court affirmed the re- imposition of a custodial sentence in the Yves Rocher case—Mr. Navalny was convicted of slander and fined, with the fine added to his sentence in the Yves Rocher case.",https://cfj.org/wp-content/uploads/2023/07/Eng-Navalny-Fairness-Report-Apr-7-2022-Final.pdf#page=5
https://cfj.org/reports/russia-vs-aleksey-navalny/,Russia vs. Aleksey Navalny,conviction_sentence,14,,"The European Court of Human Rights again found that “the criminal law was arbitrarily and unforeseeably construed to the detriment [of Mr Navalny], leading to a manifestly unreasonable outcome of the trial.”80 He was eventually given a re-trial and again found guilty.",https://cfj.org/wp-content/uploads/2023/07/Eng-Navalny-Fairness-Report-Apr-7-2022-Final.pdf#page=14
https://cfj.org/reports/russia-vs-aleksey-navalny/,Russia vs. Aleksey Navalny,conviction_sentence,14,,"In 2014, Mr. Navalny was convicted of fraud and money laundering.",https://cfj.org/wp-content/uploads/2023/07/Eng-Navalny-Fairness-Report-Apr-7-2022-Final.pdf#page=14
https://cfj.org/reports/russia-vs-aleksey-navalny/,Russia vs. Aleksey Navalny,conviction_sentence,21,,"On February 20, 2021 the domestic court convicted Mr. Navalny and fined him 850,000 rubles.",https://cfj.org/wp-content/uploads/2023/07/Eng-Navalny-Fairness-Report-Apr-7-2022-Final.pdf#page=21
https://cfj.org/reports/russia-vs-aleksey-navalny/,Russia vs. Aleksey Navalny,conviction_sentence,21,nine years,"On March 22, Mr. Navalny was convicted on both charges and sentenced to nine years’ imprisonment.",https://cfj.org/wp-content/uploads/2023/07/Eng-Navalny-Fairness-Report-Apr-7-2022-Final.pdf#page=21
https://cfj.org/reports/russia-vs-aleksey-navalny/,Russia vs. Aleksey Navalny,pretrial_detention,21,,The trial was heard in the detention facility in the Vladimir region where Mr. Navalny is currently imprisoned based on his alleged failure to meet his parole conditions in the Yves Rocher case described above.,https://cfj.org/wp-content/uploads/2023/07/Eng-Navalny-Fairness-Report-Apr-7-2022-Final.pdf#page=21
https://cfj.org/reports/russia-vs-aleksey-navalny/,Russia vs. Aleksey Navalny,other_restrictions,4,,"During the pendency of the trial, the same prosecutor who was pursuing the slander case was urging a different court to find that Mr. Navalny had violated the terms of his probation under a 2014 conviction for allegedly overcharging a subsidiary of the French company Yves Rocher.",https://cfj.org/wp-content/uploads/2023/07/Eng-Navalny-Fairness-Report-Apr-7-2022-Final.pdf#page=4
https://cfj.org/reports/russia-vs-aleksey-navalny/,Russia vs. Aleksey Navalny,other_restrictions,5,,"On February 20, 2021—the same day an appellate court affirmed the re- imposition of a custodial sentence in the Yves Rocher case—Mr. Navalny was convicted of slander and fined, with the fine added to his sentence in the Yves Rocher case.",https://cfj.org/wp-content/uploads/2023/07/Eng-Navalny-Fairness-Report-Apr-7-2022-Final.pdf#page=5
https://cfj.org/reports/russia-vs-aleksey-navalny/,Russia vs. Aleksey Navalny,other_restrictions,14,,"In addition to the Article 18 violation found in the protest cases, the European Court likewise found that Mr. Navalny’s placement under house arrest during the pendency of the Yves Rocher investigation had been “pursued . . . to suppress political pluralism.”85",https://cfj.org/wp-content/uploads/2023/07/Eng-Navalny-Fairness-Report-Apr-7-2022-Final.pdf#page=14
https://cfj.org/reports/russia-vs-aleksey-navalny/,Russia vs. Aleksey Navalny,other_restrictions,21,,"On February 20, 2021 the domestic court convicted Mr. Navalny and fined him 850,000 rubles.",https://cfj.org/wp-content/uploads/2023/07/Eng-Navalny-Fairness-Report-Apr-7-2022-Final.pdf#page=21
https://cfj.org/reports/russian-federation-v-mikhail-benyash/,Russian Federation v. Mikhail Benyash,conviction_sentence,3,,Mr. Benyash was quickly convicted of two administrative offenses (organizing an unauthorized protest and disobeying police orders) in proceedings riddled,https://cfj.org/wp-content/uploads/2023/07/FAIRNESS-REPORT-ON-THE-TRIAL-OF-MIKHAIL-BENYASH-IN-RUSSIA.pdf#page=3
https://cfj.org/reports/russian-federation-v-mikhail-benyash/,Russian Federation v. Mikhail Benyash,conviction_sentence,23,,"At the hearing on the Article 20.2 charge for organizing an unauthorized protest, the court found Mr. Benyash guilty and sentenced him to 40 hours of community service.",https://cfj.org/wp-content/uploads/2023/07/FAIRNESS-REPORT-ON-THE-TRIAL-OF-MIKHAIL-BENYASH-IN-RUSSIA.pdf#page=23
https://cfj.org/reports/russian-federation-v-mikhail-benyash/,Russian Federation v. Mikhail Benyash,conviction_sentence,24,14 days,"At the second hearing on the Article 19.3 charge for disobeying the orders of a police officer, the same judge (Judge Burenko) convicted Mr. Benyash and sentenced him to 14 days in Administrative Custody - the maximum penalty allowed under the provision.",https://cfj.org/wp-content/uploads/2023/07/FAIRNESS-REPORT-ON-THE-TRIAL-OF-MIKHAIL-BENYASH-IN-RUSSIA.pdf#page=24
https://cfj.org/reports/russian-federation-v-mikhail-benyash/,Russian Federation v. Mikhail Benyash,conviction_sentence,47,,"As noted above, in order for Mr. Benyash to be found guilty of violating Article 318(1), the prosecution had to prove that he had known Dolgov and Yurchenko were police officers when he allegedly assaulted them.",https://cfj.org/wp-content/uploads/2023/07/FAIRNESS-REPORT-ON-THE-TRIAL-OF-MIKHAIL-BENYASH-IN-RUSSIA.pdf#page=47
https://cfj.org/reports/russian-federation-v-mikhail-benyash/,Russian Federation v. Mikhail Benyash,conviction_sentence,61,,"Further, Judge Belyak had already found Ms. Barkhatova’s account of the arrest and the alleged misconduct of Officers Dolgov and Yurchenko to be uncredible: she convicted Ms. Barkhatova of violating Article 19.3 of the CAO (disobeying police orders) for her purported resistance during the same events that formed the basis of Mr. Benyash’s criminal prosecution.",https://cfj.org/wp-content/uploads/2023/07/FAIRNESS-REPORT-ON-THE-TRIAL-OF-MIKHAIL-BENYASH-IN-RUSSIA.pdf#page=61
https://cfj.org/reports/russian-federation-v-mikhail-benyash/,Russian Federation v. Mikhail Benyash,conviction_sentence,71,14-day,"Namely, after being tried and convicted for violating Article 19.3 (disobeying police orders) of the Code of Administrative Offenses, for which he served a 14-day prison sentence, Mr. Benyash was criminally charged for the same alleged conduct.",https://cfj.org/wp-content/uploads/2023/07/FAIRNESS-REPORT-ON-THE-TRIAL-OF-MIKHAIL-BENYASH-IN-RUSSIA.pdf#page=71
https://cfj.org/reports/russian-federation-v-mikhail-benyash/,Russian Federation v. Mikhail Benyash,pretrial_detention,3,,Mr. Benyash was detained by plainclothes officers on the basis of allegations that he organized an unauthorized protest.,https://cfj.org/wp-content/uploads/2023/07/FAIRNESS-REPORT-ON-THE-TRIAL-OF-MIKHAIL-BENYASH-IN-RUSSIA.pdf#page=3
https://cfj.org/reports/russian-federation-v-mikhail-benyash/,Russian Federation v. Mikhail Benyash,pretrial_detention,5,,"The day he completed his two-week administrative sentence for disobeying police orders, Mr. Benyash was charged with the criminal offense of assaulting a police officer, rearrested, and remanded to custody.",https://cfj.org/wp-content/uploads/2023/07/FAIRNESS-REPORT-ON-THE-TRIAL-OF-MIKHAIL-BENYASH-IN-RUSSIA.pdf#page=5
https://cfj.org/reports/russian-federation-v-mikhail-benyash/,Russian Federation v. Mikhail Benyash,pretrial_detention,6,,"Given the preponderance of evidence that Mr. Benyash was immediately detained and pushed towards the car without Officers Dolgov or Yurchenko identifying themselves or their purpose, the arrest fell afoul of Russian domestic legislation and thereby afoul of the ICCPR and ECHR.",https://cfj.org/wp-content/uploads/2023/07/FAIRNESS-REPORT-ON-THE-TRIAL-OF-MIKHAIL-BENYASH-IN-RUSSIA.pdf#page=6
https://cfj.org/reports/russian-federation-v-mikhail-benyash/,Russian Federation v. Mikhail Benyash,pretrial_detention,6,,"When Mr. Benyash was first remanded to custody on the criminal charges, the presiding judge extended his detention for 72 hours on the pretext that his health was deteriorating and his diagnosis required clarification.",https://cfj.org/wp-content/uploads/2023/07/FAIRNESS-REPORT-ON-THE-TRIAL-OF-MIKHAIL-BENYASH-IN-RUSSIA.pdf#page=6
https://cfj.org/reports/russian-federation-v-mikhail-benyash/,Russian Federation v. Mikhail Benyash,pretrial_detention,7,,"She had ordered Mr. Benyash’s pretrial detention, a decision that was overturned as baseless by an appellate court, and had also presided over the administrative trial of Ms. Barkhatova for disobeying police orders (Ms. Barkhatova’s actions during Mr. Benyash’s arrest).",https://cfj.org/wp-content/uploads/2023/07/FAIRNESS-REPORT-ON-THE-TRIAL-OF-MIKHAIL-BENYASH-IN-RUSSIA.pdf#page=7
https://cfj.org/reports/russian-federation-v-mikhail-benyash/,Russian Federation v. Mikhail Benyash,pretrial_detention,18,,CASE HISTORY Mikhail Benyash is a human rights lawyer known for his representation of Russian citizens detained while participating in peaceful public protests.,https://cfj.org/wp-content/uploads/2023/07/FAIRNESS-REPORT-ON-THE-TRIAL-OF-MIKHAIL-BENYASH-IN-RUSSIA.pdf#page=18
https://cfj.org/reports/russian-federation-v-mikhail-benyash/,Russian Federation v. Mikhail Benyash,mistreatment,3,,"The evidence, however, suggested that it was in fact Mr. Benyash who had been assaulted by the police.",https://cfj.org/wp-content/uploads/2023/07/FAIRNESS-REPORT-ON-THE-TRIAL-OF-MIKHAIL-BENYASH-IN-RUSSIA.pdf#page=3
https://cfj.org/reports/russian-federation-v-mikhail-benyash/,Russian Federation v. Mikhail Benyash,mistreatment,3,,"The proceedings against Mr. Benyash entailed significant violations of his rights under international law, including his right to be free from inhuman or degrading treatment; his right to be free from arbitrary detention; his right to be presumed innocent; and his right to an impartial court.",https://cfj.org/wp-content/uploads/2023/07/FAIRNESS-REPORT-ON-THE-TRIAL-OF-MIKHAIL-BENYASH-IN-RUSSIA.pdf#page=3
https://cfj.org/reports/russian-federation-v-mikhail-benyash/,Russian Federation v. Mikhail Benyash,mistreatment,5,,"The criminal charges were based on new claims raised by the officers: namely, that Mr. Benyash had assaulted them (biting Officer Dolgov and punching Officer Yurchenko in the head), resulting in various injuries.",https://cfj.org/wp-content/uploads/2023/07/FAIRNESS-REPORT-ON-THE-TRIAL-OF-MIKHAIL-BENYASH-IN-RUSSIA.pdf#page=5
https://cfj.org/reports/russian-federation-v-mikhail-benyash/,Russian Federation v. Mikhail Benyash,mistreatment,5,,"The criminal case included allegations that in addition to beating his head on the car window, Mr. Benyash had beaten his head on the pavement outside the police station.",https://cfj.org/wp-content/uploads/2023/07/FAIRNESS-REPORT-ON-THE-TRIAL-OF-MIKHAIL-BENYASH-IN-RUSSIA.pdf#page=5
https://cfj.org/reports/russian-federation-v-mikhail-benyash/,Russian Federation v. Mikhail Benyash,mistreatment,8,,"car, had used violence against Mr. Benyash, and (in the case of Officer Yurchenko) had beaten Mr. Benyash at the police station.",https://cfj.org/wp-content/uploads/2023/07/FAIRNESS-REPORT-ON-THE-TRIAL-OF-MIKHAIL-BENYASH-IN-RUSSIA.pdf#page=8
https://cfj.org/reports/russian-federation-v-mikhail-benyash/,Russian Federation v. Mikhail Benyash,mistreatment,21,,"Subsequently, the officers stated that Mr. Benyash had assaulted them",https://cfj.org/wp-content/uploads/2023/07/FAIRNESS-REPORT-ON-THE-TRIAL-OF-MIKHAIL-BENYASH-IN-RUSSIA.pdf#page=21
https://cfj.org/reports/russian-federation-v-mikhail-benyash/,Russian Federation v. Mikhail Benyash,other_restrictions,27,,"If the conviction is upheld, Mr. Benyash will be barred from the practice of law under the applicable Russian legislation.",https://cfj.org/wp-content/uploads/2023/07/FAIRNESS-REPORT-ON-THE-TRIAL-OF-MIKHAIL-BENYASH-IN-RUSSIA.pdf#page=27
https://cfj.org/reports/russian-federation-v-mikhail-benyash/,Russian Federation v. Mikhail Benyash,other_restrictions,72,,"Finally, the abusive nature of the criminal case against Mr. Benyash is highlighted by the fact that with a criminal conviction, he is barred from future practice of law - the primary mechanism through which he has fought to protect the rights of freedom of expression and assembly.",https://cfj.org/wp-content/uploads/2023/07/FAIRNESS-REPORT-ON-THE-TRIAL-OF-MIKHAIL-BENYASH-IN-RUSSIA.pdf#page=72
https://cfj.org/reports/russian-federation-vs-svetlana-prokopyeva/,Russian Federation vs. Svetlana Prokopyeva,conviction_sentence,3,,"Covington & Burling LLP assigned this trial a grade of D: On July 6, 2020, a Russian military court convicted Svetlana Prokopyeva, a journalist, of “justifying terrorism” for a radio broadcast that commented critically on Russia’s repressive political climate and its effect on a teenager who detonated a bomb at a local office of Russia’s Federal Security Service in the city of Arkhangelsk.",https://cfj.org/wp-content/uploads/2023/07/Svetlana-Prokopyeva-February-2021.pdf#page=3
https://cfj.org/reports/russian-federation-vs-svetlana-prokopyeva/,Russian Federation vs. Svetlana Prokopyeva,conviction_sentence,3,,"Following a one-sided criminal trial in which the court ignored extensive defense evidence and disregarded the apparent flaws in the prosecution’s case, Ms. Prokopyeva was convicted of justifying terrorism and ordered to pay a large fine.",https://cfj.org/wp-content/uploads/2023/07/Svetlana-Prokopyeva-February-2021.pdf#page=3
https://cfj.org/reports/russian-federation-vs-svetlana-prokopyeva/,Russian Federation vs. Svetlana Prokopyeva,conviction_sentence,20,,"All three judges on the panel that convicted Ms. Prokopyeva were initially appointed to serve as judges of military courts before 2009, meaning they all were appointed as members of the military.",https://cfj.org/wp-content/uploads/2023/07/Svetlana-Prokopyeva-February-2021.pdf#page=20
https://cfj.org/reports/russian-federation-vs-svetlana-prokopyeva/,Russian Federation vs. Svetlana Prokopyeva,conviction_sentence,22,,All three judges who convicted Ms. Prokopyeva were members of the military when they were initially appointed.,https://cfj.org/wp-content/uploads/2023/07/Svetlana-Prokopyeva-February-2021.pdf#page=22
https://cfj.org/reports/russian-federation-vs-svetlana-prokopyeva/,Russian Federation vs. Svetlana Prokopyeva,other_restrictions,8,"$6,950","On July 6, 2020, the court found Ms. Prokopyeva guilty39 and imposed a fine of 500,000 rubles (approximately US $6,950).",https://cfj.org/wp-content/uploads/2023/07/Svetlana-Prokopyeva-February-2021.pdf#page=8
https://cfj.org/reports/socialist-republic-of-vietnam-v-pham-thi-doan-trang/,Socialist Republic of Vietnam v. Pham Thi Doan Trang,conviction_sentence,4,nine years,"After a one-day trial on December 14, 2021, Ms. Trang was convicted and sentenced to nine years in prison—more than the seven to eight years recommended by the prosecuting authorities.",https://cfj.org/wp-content/uploads/2023/07/ENG-Pham-Doan-Trang-Fairness-Report-April-2022.pdf#page=4
https://cfj.org/reports/socialist-republic-of-vietnam-v-pham-thi-doan-trang/,Socialist Republic of Vietnam v. Pham Thi Doan Trang,conviction_sentence,4,nine years,"On December 14, 2021, at the conclusion of the rescheduled trial, which lasted a single day, a court in Hanoi convicted Pham Thi Doan Trang of “spreading information against the Socialist Republic of Vietnam” under Article 88 of the 1999 Penal Code and sentenced her to nine years in prison.",https://cfj.org/wp-content/uploads/2023/07/ENG-Pham-Doan-Trang-Fairness-Report-April-2022.pdf#page=4
https://cfj.org/reports/socialist-republic-of-vietnam-v-pham-thi-doan-trang/,Socialist Republic of Vietnam v. Pham Thi Doan Trang,conviction_sentence,10,,Article 88 of the 1999 Criminal Code (the charge that Ms. Trang was convicted of in the present case18) states in full:,https://cfj.org/wp-content/uploads/2023/07/ENG-Pham-Doan-Trang-Fairness-Report-April-2022.pdf#page=10
https://cfj.org/reports/socialist-republic-of-vietnam-v-pham-thi-doan-trang/,Socialist Republic of Vietnam v. Pham Thi Doan Trang,conviction_sentence,18,,"Investigators cited numerous articles, documents, and recordings in the indictment but the ones on the basis of which Ms. Trang was ultimately convicted were:",https://cfj.org/wp-content/uploads/2023/07/ENG-Pham-Doan-Trang-Fairness-Report-April-2022.pdf#page=18
https://cfj.org/reports/socialist-republic-of-vietnam-v-pham-thi-doan-trang/,Socialist Republic of Vietnam v. Pham Thi Doan Trang,conviction_sentence,19,six years,"A month after Ms. Trang’s conviction, an individual was sentenced to six years in prison for, amongst other things, shipping 46 books mainly by Pham Thi Doan Trang and sharing news from international websites.",https://cfj.org/wp-content/uploads/2023/07/ENG-Pham-Doan-Trang-Fairness-Report-April-2022.pdf#page=19
https://cfj.org/reports/socialist-republic-of-vietnam-v-pham-thi-doan-trang/,Socialist Republic of Vietnam v. Pham Thi Doan Trang,conviction_sentence,19,,"It is unclear, however, that Ms. Trang was ever convicted of this offense. 82 Indictment at 13. 83 Radio Free Asia, “Người chuyển sách của tác giả Phạm Đoan Trang bị án tù,” Jan. 21, 2022, https://www.rfa.org/vietnamese/news/vietnamnews/shipper-of-books-by-independent-journalist-pham-doan- trang-gets-jail-sentence-01212022071322.html 18",https://cfj.org/wp-content/uploads/2023/07/ENG-Pham-Doan-Trang-Fairness-Report-April-2022.pdf#page=19
https://cfj.org/reports/socialist-republic-of-vietnam-v-pham-thi-doan-trang/,Socialist Republic of Vietnam v. Pham Thi Doan Trang,pretrial_detention,3,,"With respect to procedure, Ms. Trang was detained without access to a lawyer for over a year in the leadup to her trial, ostensibly to allow the investigation to proceed, but the evidence consisted largely of publicly-available materials (some dating back several years) and much of it had apparently been compiled even before her arrest in 2020.",https://cfj.org/wp-content/uploads/2023/07/ENG-Pham-Doan-Trang-Fairness-Report-April-2022.pdf#page=3
https://cfj.org/reports/socialist-republic-of-vietnam-v-pham-thi-doan-trang/,Socialist Republic of Vietnam v. Pham Thi Doan Trang,pretrial_detention,3,,"Taken together, the entire process, from her prolonged pretrial detention to the charges on their face to her rapid conviction and excessive sentence in a judgment devoid of a clear explanation of why she was guilty, suggests that this was an abuse of process and Ms. Trang was being punished for exercising her rights to political opinion and expression.",https://cfj.org/wp-content/uploads/2023/07/ENG-Pham-Doan-Trang-Fairness-Report-April-2022.pdf#page=3
https://cfj.org/reports/socialist-republic-of-vietnam-v-pham-thi-doan-trang/,Socialist Republic of Vietnam v. Pham Thi Doan Trang,pretrial_detention,3,,"Ms. Trang was arrested and detained for allegedly “conducting propaganda against the Socialist Republic of Vietnam” and “making, storing, spreading information, materials, items for the purpose of opposing the State of Socialist Republic of Vietnam”—two of the most notorious of Vietnam’s fifteen national security offenses. 2",https://cfj.org/wp-content/uploads/2023/07/ENG-Pham-Doan-Trang-Fairness-Report-April-2022.pdf#page=3
https://cfj.org/reports/socialist-republic-of-vietnam-v-pham-thi-doan-trang/,Socialist Republic of Vietnam v. Pham Thi Doan Trang,pretrial_detention,4,,"After her arrest on October 6, 2020, Ms. Trang was detained without access to a lawyer or her family for a year.",https://cfj.org/wp-content/uploads/2023/07/ENG-Pham-Doan-Trang-Fairness-Report-April-2022.pdf#page=4
https://cfj.org/reports/socialist-republic-of-vietnam-v-pham-thi-doan-trang/,Socialist Republic of Vietnam v. Pham Thi Doan Trang,pretrial_detention,20,,"Ms. Trang was arrested and detained late on October 6/early on October 7, 2020.",https://cfj.org/wp-content/uploads/2023/07/ENG-Pham-Doan-Trang-Fairness-Report-April-2022.pdf#page=20
https://cfj.org/reports/socialist-republic-of-vietnam-v-pham-thi-doan-trang/,Socialist Republic of Vietnam v. Pham Thi Doan Trang,pretrial_detention,20,,"According to her attorney, Ms. Trang had repeatedly requested and been denied medical treatment while in detention even as she lost significant weight, was bleeding, and had other medical concerns.",https://cfj.org/wp-content/uploads/2023/07/ENG-Pham-Doan-Trang-Fairness-Report-April-2022.pdf#page=20
https://cfj.org/reports/socialist-republic-of-vietnam-v-pham-thi-doan-trang/,Socialist Republic of Vietnam v. Pham Thi Doan Trang,mistreatment,20,,"According to her attorney, Ms. Trang had repeatedly requested and been denied medical treatment while in detention even as she lost significant weight, was bleeding, and had other medical concerns.",https://cfj.org/wp-content/uploads/2023/07/ENG-Pham-Doan-Trang-Fairness-Report-April-2022.pdf#page=20
https://cfj.org/reports/socialist-republic-of-vietnam-v-pham-thi-doan-trang/,Socialist Republic of Vietnam v. Pham Thi Doan Trang,prolonged_proceedings,3,,"Indeed, a careful review of the indictment, which was filed about ten months after her arrest, suggests that the long delay in bringing Ms. Trang’s case to trial was not justified by the complexity of the charges against her.",https://cfj.org/wp-content/uploads/2023/07/ENG-Pham-Doan-Trang-Fairness-Report-April-2022.pdf#page=3
https://cfj.org/reports/socialist-republic-of-vietnam-v-pham-thi-doan-trang/,Socialist Republic of Vietnam v. Pham Thi Doan Trang,prolonged_proceedings,4,,Ms. Trang’s trial was delayed at the last minute because of COVID exposure amongst the prosecuting authorities (the Office of the Procuracy) and rescheduled for six weeks later.,https://cfj.org/wp-content/uploads/2023/07/ENG-Pham-Doan-Trang-Fairness-Report-April-2022.pdf#page=4
https://cfj.org/reports/socialist-republic-of-vietnam-v-pham-thi-doan-trang/,Socialist Republic of Vietnam v. Pham Thi Doan Trang,prolonged_proceedings,21,,The Working Group also raised concerns that the delay in bringing Ms. Trang to trial while she remained in pretrial detention violated international standards requiring that non-custodial measures be prioritized for women.,https://cfj.org/wp-content/uploads/2023/07/ENG-Pham-Doan-Trang-Fairness-Report-April-2022.pdf#page=21
https://cfj.org/reports/socialist-republic-of-vietnam-v-pham-thi-doan-trang/,Socialist Republic of Vietnam v. Pham Thi Doan Trang,prolonged_proceedings,32,,"The prolonged investigation and pretrial detention period also violated Ms. Trang’s right to be tried without undue delay, guaranteed under Article 14 of the ICCPR.",https://cfj.org/wp-content/uploads/2023/07/ENG-Pham-Doan-Trang-Fairness-Report-April-2022.pdf#page=32
https://cfj.org/reports/socialist-republic-of-vietnam-v-pham-thi-doan-trang/,Socialist Republic of Vietnam v. Pham Thi Doan Trang,prolonged_proceedings,32,,The conduct of the authorities and the indictment presented suggests that the long delay in bringing Ms. Trang’s case to trial was not justified by the complexity of the charges against her.,https://cfj.org/wp-content/uploads/2023/07/ENG-Pham-Doan-Trang-Fairness-Report-April-2022.pdf#page=32
https://cfj.org/reports/the-trial-of-the-peacock-generation-troupe-myanmar/,The Trial of the Peacock Generation Troupe: Myanmar,pretrial_detention,14,,INVESTIGATION AND PRETRIAL STAGE VIOLATIONS Arbitrary Detention and Violation of the Presumption of Innocence The pretrial detention of the Peacock Generation troupe was arbitrary.,https://cfj.org/wp-content/uploads/2023/07/Fairness-Report-on-the-Trial-of-the-Peacock-Troupe.pdf#page=14
https://cfj.org/reports/trial-monitoring-of-proceedings-against-ahmed-manseri/,Trial Monitoring of Proceedings against Ahmed Manseri,pretrial_detention,4,,"The alleged assault occurred in mid-2016, when Mr. Manseri was detained by the police in apparent retaliation for his work as a human rights activist.",https://cfj.org/wp-content/uploads/2023/07/fair-trial-report-algeria-ahmed-manseri.pdf#page=4
https://cfj.org/reports/trial-monitoring-of-proceedings-against-ahmed-manseri/,Trial Monitoring of Proceedings against Ahmed Manseri,mistreatment,4,,"In the present case, Mr. Manseri was charged with criminal defamation after filing a complaint against the head of the Tiaret police for assault.",https://cfj.org/wp-content/uploads/2023/07/fair-trial-report-algeria-ahmed-manseri.pdf#page=4
https://cfj.org/reports/trial-monitoring-of-proceedings-against-ahmed-manseri/,Trial Monitoring of Proceedings against Ahmed Manseri,mistreatment,4,,"The alleged assault occurred in mid-2016, when Mr. Manseri was detained by the police in apparent retaliation for his work as a human rights activist.",https://cfj.org/wp-content/uploads/2023/07/fair-trial-report-algeria-ahmed-manseri.pdf#page=4
https://cfj.org/reports/trial-monitoring-of-proceedings-against-ahmed-manseri/,Trial Monitoring of Proceedings against Ahmed Manseri,mistreatment,7,,"In 2018, Mr. Manseri filed a criminal complaint against the head of the Tiaret police before the local misdemeanors court, alleging the chief’s responsibility for the assault.",https://cfj.org/wp-content/uploads/2023/07/fair-trial-report-algeria-ahmed-manseri.pdf#page=7
https://cfj.org/reports/trial-monitoring-of-proceedings-against-ahmed-manseri/,Trial Monitoring of Proceedings against Ahmed Manseri,mistreatment,15,,"Although the case ostensibly concerned Mr. Manseri’s assault allegation, the factual basis for the charges was not disclosed in the notice to appear.",https://cfj.org/wp-content/uploads/2023/07/fair-trial-report-algeria-ahmed-manseri.pdf#page=15
https://cfj.org/reports/trial-monitoring-of-proceedings-against-ahmed-manseri/,Trial Monitoring of Proceedings against Ahmed Manseri,mistreatment,15,,"During the appellate proceedings, the complainant - the head of the Tiaret state police - did not limit his arguments to Mr. Manseri’s claim that he was tortured.",https://cfj.org/wp-content/uploads/2023/07/fair-trial-report-algeria-ahmed-manseri.pdf#page=15
https://cfj.org/reports/tunisia-vs-emna-chargui/,Tunisia vs. Emna Chargui,conviction_sentence,22,,"In the present case, Ms. Chargui was prosecuted and convicted under Articles 52 and 53 of Decree 115 of 2011 – which are incompatible with the legality principle on their face – for conduct that did not constitute a criminal offense under those provisions at the time it was committed (or otherwise).",https://cfj.org/wp-content/uploads/2023/07/Emna-Chargui_June-2021_Fairness-Report.pdf#page=22
https://cfj.org/reports/tunisia-vs-emna-chargui/,Tunisia vs. Emna Chargui,conviction_sentence,24,,"Ms. Chargui was prosecuted and convicted for conduct that did not constitute a criminal offense at the time it was committed (or otherwise), in violation of the principle of legality",https://cfj.org/wp-content/uploads/2023/07/Emna-Chargui_June-2021_Fairness-Report.pdf#page=24
https://cfj.org/reports/tunisia-vs-emna-chargui/,Tunisia vs. Emna Chargui,conviction_sentence,31,six-month,"Finally, the use of criminal prosecution and penalties in Ms. Chargui’s case – particularly the imposition of a six-month prison sentence – was disproportionate and unnecessary.",https://cfj.org/wp-content/uploads/2023/07/Emna-Chargui_June-2021_Fairness-Report.pdf#page=31
https://cfj.org/reports/tunisia-vs-emna-chargui/,Tunisia vs. Emna Chargui,mistreatment,11,,"As Ms. Chargui has explained, she shared the poem with her friends on Facebook for “fun and entertainment” but deleted it the same day after receiving comments from other Facebook users insulting her and threatening to violently assault and kill her.",https://cfj.org/wp-content/uploads/2023/07/Emna-Chargui_June-2021_Fairness-Report.pdf#page=11
https://cfj.org/reports/tunisia-vs-emna-chargui/,Tunisia vs. Emna Chargui,other_restrictions,3,,"While Ms. Chargui remained at liberty during the pre-trial stage and was represented by defense counsel, her lawyer was prohibited from attending her pre-trial interrogation by",https://cfj.org/wp-content/uploads/2023/07/Emna-Chargui_June-2021_Fairness-Report.pdf#page=3
https://cfj.org/reports/tunisia-vs-emna-chargui/,Tunisia vs. Emna Chargui,other_restrictions,14,six months,"On July 13, 2020 the Court issued its verdict convicting Ms. Chargui of both offenses and sentencing her to six months in prison and a fine of 2,000 dinars.",https://cfj.org/wp-content/uploads/2023/07/Emna-Chargui_June-2021_Fairness-Report.pdf#page=14
https://cfj.org/reports/turkey-vs-ahmet-tuna-altinel/,Turkey vs. Ahmet Tuna Altınel,pretrial_detention,9,,"On May 11, 2019, after being interrogated, Mr. Altınel was arrested and detained on suspicion of propaganda for a terrorist organization.",https://cfj.org/wp-content/uploads/2023/07/Fairness-Report-on-the-Trial-of-Tuna-Altinel-in-Turkey.pdf#page=9
https://cfj.org/reports/turkey-vs-ahmet-tuna-altinel/,Turkey vs. Ahmet Tuna Altınel,pretrial_detention,11,81 days,"Mr. Altinel was thus held in pre-trial detention from the date of his arrest until the first hearing in his case on July 30, 2019, amounting to 81 days in detention.",https://cfj.org/wp-content/uploads/2023/07/Fairness-Report-on-the-Trial-of-Tuna-Altinel-in-Turkey.pdf#page=11
https://cfj.org/reports/turkey-vs-ahmet-tuna-altinel/,Turkey vs. Ahmet Tuna Altınel,pretrial_detention,16,,"Based on the facts discussed in this Report, Mr. Altınel’s pre-trial detention violated his right to liberty because (1) there was insufficient evidence that he had committed the crime charged; (2) the charge was predicated on lawful exercise of Mr. Altınel’s right to freedom of expression; and (3) procedural safeguards were not respected.",https://cfj.org/wp-content/uploads/2023/07/Fairness-Report-on-the-Trial-of-Tuna-Altinel-in-Turkey.pdf#page=16
https://cfj.org/reports/turkey-vs-ahmet-tuna-altinel/,Turkey vs. Ahmet Tuna Altınel,pretrial_detention,17,,Mr. Altınel was initially placed in pre-trial detention on account of a ‘strong suspicion’ that he had committed the crime of propaganda for a terrorist organization.,https://cfj.org/wp-content/uploads/2023/07/Fairness-Report-on-the-Trial-of-Tuna-Altinel-in-Turkey.pdf#page=17
https://cfj.org/reports/turkey-vs-ahmet-tuna-altinel/,Turkey vs. Ahmet Tuna Altınel,pretrial_detention,19,,"Mr. Altınel was placed in pre-trial detention on May 11, 2019 by the magistrate court on suspicion of making propaganda for a terrorist organization.",https://cfj.org/wp-content/uploads/2023/07/Fairness-Report-on-the-Trial-of-Tuna-Altinel-in-Turkey.pdf#page=19
https://cfj.org/reports/turkey-vs-ahmet-tuna-altinel/,Turkey vs. Ahmet Tuna Altınel,other_restrictions,9,,"Upon returning to Turkey to visit family, Mr. Altınel’s passport was seized; on May 10, 2019 when he inquired into its return, Mr. Altınel was arrested based on an order from the Balıkesir 1st Justice of Peace.",https://cfj.org/wp-content/uploads/2023/07/Fairness-Report-on-the-Trial-of-Tuna-Altinel-in-Turkey.pdf#page=9
https://cfj.org/reports/uganda-v-moses-bwayo/,Uganda v. Moses Bwayo,pretrial_detention,16,two days,"In the present case, Mr. Bwayo was detained for two days without access to counsel - from February 24 to February 26 - before being released on bond.",https://cfj.org/wp-content/uploads/2023/07/fair_trial_report_uganda_moses_bwayo.pdf#page=16
https://cfj.org/reports/uganda-v-moses-bwayo/,Uganda v. Moses Bwayo,pretrial_detention,17,2 days,"In the present case, Mr. Bwayo was arrested on February 24, detained for 2 days, then released on bond.",https://cfj.org/wp-content/uploads/2023/07/fair_trial_report_uganda_moses_bwayo.pdf#page=17
https://cfj.org/reports/uganda-v-moses-bwayo/,Uganda v. Moses Bwayo,pretrial_detention,17,,"According to credible sources on the ground and as corroborated by media reports,89 Mr. Bwayo was remanded because the prosecution and magistrate stated that they required more time to respond to Mr. Bwayo’s bail application.",https://cfj.org/wp-content/uploads/2023/07/fair_trial_report_uganda_moses_bwayo.pdf#page=17
https://cfj.org/reports/uganda-v-stella-nyanzi/,Uganda v. Stella Nyanzi,conviction_sentence,3,,"Namely, Dr. Nyanzi was prosecuted and sentenced to prison for exercising her right to freedom of expression.",https://cfj.org/wp-content/uploads/2023/07/fairnessreport-uganda-stella-nyanzi.pdf#page=3
https://cfj.org/reports/uganda-v-stella-nyanzi/,Uganda v. Stella Nyanzi,conviction_sentence,8,,"On August 1, 2019, the Buganda Road Magistrate Court convicted Dr. Nyanzi of cyber harassment and acquitted her of offensive communication.",https://cfj.org/wp-content/uploads/2023/07/fairnessreport-uganda-stella-nyanzi.pdf#page=8
https://cfj.org/reports/uganda-v-stella-nyanzi/,Uganda v. Stella Nyanzi,conviction_sentence,23,18 months,Dr. Nyanzi was convicted of cyber harassment and sentenced to 18 months in prison.,https://cfj.org/wp-content/uploads/2023/07/fairnessreport-uganda-stella-nyanzi.pdf#page=23
https://cfj.org/reports/uganda-v-stella-nyanzi/,Uganda v. Stella Nyanzi,pretrial_detention,3,four days,"At the pretrial stage, proceedings were generally compliant with due process rights, excepting that the authorities reportedly detained Dr. Nyanzi for approximately four days before bringing her before a court for assessment of the legitimacy of her detention.",https://cfj.org/wp-content/uploads/2023/07/fairnessreport-uganda-stella-nyanzi.pdf#page=3
https://cfj.org/reports/uganda-v-stella-nyanzi/,Uganda v. Stella Nyanzi,pretrial_detention,7,,"Dr. Nyanzi was then arrested for another post in which she referred to President Museveni as a “pair of buttocks,”17 charged with cyber harassment and offensive communication under the Computer Misuse Act, and detained for over a month.",https://cfj.org/wp-content/uploads/2023/07/fairnessreport-uganda-stella-nyanzi.pdf#page=7
https://cfj.org/reports/uganda-v-stella-nyanzi/,Uganda v. Stella Nyanzi,pretrial_detention,11,four days,"Dr. Nyanzi was reportedly detained for approximately four days before receiving judicial review: she was arrested and placed in custody on November 2, 2018, and brought before a judge on November 7, 2018.29 Under Article 9(3) of the ICCPR, individuals held in custody pursuant to an arrest must “be brought promptly before a judge or other officer authorized by law to exercise judicial power.”",https://cfj.org/wp-content/uploads/2023/07/fairnessreport-uganda-stella-nyanzi.pdf#page=11
https://cfj.org/reports/venezuela-v-vannesa-rosales/,Venezuela v. Vannesa Rosales,conviction_sentence,15,,Ms. Rosales was released from house arrest and sentenced to community service. 86,https://cfj.org/wp-content/uploads/2023/07/vannesa-rosales-report-english.pdf#page=15
https://cfj.org/reports/venezuela-v-vannesa-rosales/,Venezuela v. Vannesa Rosales,pretrial_detention,3,three months,"Ms. Rosales spent three months in pretrial detention and – only after a public advocacy campaign put pressure on authorities – was then released to house arrest, where she remained for nearly seven months until the first hearing in her case on July 21, 2021.",https://cfj.org/wp-content/uploads/2023/07/vannesa-rosales-report-english.pdf#page=3
https://cfj.org/reports/venezuela-v-vannesa-rosales/,Venezuela v. Vannesa Rosales,pretrial_detention,4,,"These include due process violations, delays in the case, the judge’s reference to items associated with Ms. Rosales’s advocacy work in the judicial reasoning on the requalification of charges and pretrial detention, and the judge’s unjustified decision to add new charges and severe penalty enhancements, including under laws aimed at combating organized crime.",https://cfj.org/wp-content/uploads/2023/07/vannesa-rosales-report-english.pdf#page=4
https://cfj.org/reports/venezuela-v-vannesa-rosales/,Venezuela v. Vannesa Rosales,pretrial_detention,11,,"He was released soon after on the basis that he had not been caught in the act of sexually abusing KS (lapso de flagrancia). 55 However, Ms. Rosales and KS’s mother remained detained.",https://cfj.org/wp-content/uploads/2023/07/vannesa-rosales-report-english.pdf#page=11
https://cfj.org/reports/venezuela-v-vannesa-rosales/,Venezuela v. Vannesa Rosales,pretrial_detention,14,,"want an abortion” 71 (however, the ruling did not explain the relevance of this material); and 3) that the “victim” was young. 72 Notably, the second ground invoked by the judge suggests that the judge considered Ms. Rosales’s reproductive rights advocacy in the decision to order pretrial detention.",https://cfj.org/wp-content/uploads/2023/07/vannesa-rosales-report-english.pdf#page=14
https://cfj.org/reports/venezuela-v-vannesa-rosales/,Venezuela v. Vannesa Rosales,pretrial_detention,14,twenty-three days,"KS’s mother was detained in the Mérida Penitentiary Center for twenty-three days after being arrested. 73 On November 4, 2020, she was released on humanitarian grounds on the basis that she was a single parent to eight children, several of whom were minors, including KS. 74 Ms. Rosales, however, remained in detention.",https://cfj.org/wp-content/uploads/2023/07/vannesa-rosales-report-english.pdf#page=14
https://cfj.org/reports/venezuela-v-vannesa-rosales/,Venezuela v. Vannesa Rosales,pretrial_detention,14,,"No new date was scheduled, and Ms. Rosales remained in detention. 76",https://cfj.org/wp-content/uploads/2023/07/vannesa-rosales-report-english.pdf#page=14
https://cfj.org/reports/venezuela-v-vannesa-rosales/,Venezuela v. Vannesa Rosales,other_restrictions,3,seven months,"Ms. Rosales spent three months in pretrial detention and – only after a public advocacy campaign put pressure on authorities – was then released to house arrest, where she remained for nearly seven months until the first hearing in her case on July 21, 2021.",https://cfj.org/wp-content/uploads/2023/07/vannesa-rosales-report-english.pdf#page=3
https://cfj.org/reports/venezuela-v-vannesa-rosales/,Venezuela v. Vannesa Rosales,other_restrictions,14,three months,"On January 11, 2021, the Third Criminal Court of Control of the State of Merida ordered Ms. Rosales released to house arrest. 79 In total, she spent three months in pretrial detention at the Mérida Penitentiary Center.",https://cfj.org/wp-content/uploads/2023/07/vannesa-rosales-report-english.pdf#page=14
https://cfj.org/reports/venezuela-v-vannesa-rosales/,Venezuela v. Vannesa Rosales,other_restrictions,15,,Ms. Rosales was released from house arrest and sentenced to community service. 86,https://cfj.org/wp-content/uploads/2023/07/vannesa-rosales-report-english.pdf#page=15
https://cfj.org/reports/venezuela-v-vannesa-rosales/,Venezuela v. Vannesa Rosales,prolonged_proceedings,4,,"These include due process violations, delays in the case, the judge’s reference to items associated with Ms. Rosales’s advocacy work in the judicial reasoning on the requalification of charges and pretrial detention, and the judge’s unjustified decision to add new charges and severe penalty enhancements, including under laws aimed at combating organized crime.",https://cfj.org/wp-content/uploads/2023/07/vannesa-rosales-report-english.pdf#page=4
https://cfj.org/reports/russian-federation-vs-alexander-pichugin/,Russian Federation vs. Alexander Pichugin,conviction_sentence,3,,"On November 11, 2020, the Bogorodsk City Court found Mr. Pichugin guilty and sentenced him to a fine of 300,000 rubles.",https://cfj.org/wp-content/uploads/2023/06/ENG-Pichugin-Fairness-Report-April-2022.pdf#page=3
https://cfj.org/reports/russian-federation-vs-alexander-pichugin/,Russian Federation vs. Alexander Pichugin,conviction_sentence,10,,"On November 11, the court convicted Mr. Pichugin and sentenced him to a fine of 300,000 rubles.",https://cfj.org/wp-content/uploads/2023/06/ENG-Pichugin-Fairness-Report-April-2022.pdf#page=10
https://cfj.org/reports/russian-federation-vs-alexander-pichugin/,Russian Federation vs. Alexander Pichugin,conviction_sentence,18,,"When taken together, it is clear that from the moment he was indicted to the moment he was convicted Mr. Pichugin was not afforded the right to be presumed innocent.",https://cfj.org/wp-content/uploads/2023/06/ENG-Pichugin-Fairness-Report-April-2022.pdf#page=18
https://cfj.org/reports/russian-federation-vs-alexander-pichugin/,Russian Federation vs. Alexander Pichugin,other_restrictions,3,,"On November 11, 2020, the Bogorodsk City Court found Mr. Pichugin guilty and sentenced him to a fine of 300,000 rubles.",https://cfj.org/wp-content/uploads/2023/06/ENG-Pichugin-Fairness-Report-April-2022.pdf#page=3
https://cfj.org/reports/russian-federation-vs-alexander-pichugin/,Russian Federation vs. Alexander Pichugin,other_restrictions,10,,"On November 11, the court convicted Mr. Pichugin and sentenced him to a fine of 300,000 rubles.",https://cfj.org/wp-content/uploads/2023/06/ENG-Pichugin-Fairness-Report-April-2022.pdf#page=10
https://cfj.org/reports/russian-federation-vs-alexander-pichugin/,Russian Federation vs. Alexander Pichugin,other_restrictions,25,,"The fact Mr. Pichugin was only fined, and no prison sentence was imposed is not dispositive.",https://cfj.org/wp-content/uploads/2023/06/ENG-Pichugin-Fairness-Report-April-2022.pdf#page=25
https://cfj.org/reports/fairness-report-kazakhstan-v-duman-mukhammedkarim/,Fairness Report: Kazakhstan v. Duman Mukhammedkarim,conviction_sentence,5,six years,"On this basis, Mr. Mukhammedkarim was prosecuted, convicted, and sentenced to six years’ imprisonment for financing extremist activities in violation of Article 258 of the Kazakh Criminal Code, and to one additional year of imprisonment for participating in the activities of a banned extremist organization in violation of Article 405 of the Criminal Code.",https://cfj.org/wp-content/uploads/2025/01/Fairness-Report_Duman-Mukhammedkarim_Kazakhstan-January-2025-Final.pdf#page=5
https://cfj.org/reports/fairness-report-kazakhstan-v-duman-mukhammedkarim/,Fairness Report: Kazakhstan v. Duman Mukhammedkarim,conviction_sentence,22,six-year; one-year,"The court sentenced Mr. Mukhammedkarim to six-year and one-year terms of imprisonment under Article 258(1) and Article 405(2) of the Criminal Code, respectively, for a combined sentence of seven years, and to a three-year deprivation of the right to engage in socio-political topics in the mass media.",https://cfj.org/wp-content/uploads/2025/01/Fairness-Report_Duman-Mukhammedkarim_Kazakhstan-January-2025-Final.pdf#page=22
https://cfj.org/reports/fairness-report-kazakhstan-v-duman-mukhammedkarim/,Fairness Report: Kazakhstan v. Duman Mukhammedkarim,conviction_sentence,23,,"Appeal of Prison Sentence Denied, RADIO FREE EUROPE/RADIO LIBERTY (Nov. 8, 2024), https://www.rferl.org/a/kazakhstan-appeal-rejected-journalist-mukhammedkarim/33194631.html; Court of Appeal did not change sentence for Duman Mukhammedkarim, RADIO LIBERTY (Nov. 8, 2024), https://www.azattyq.org/a/33193756.html.",https://cfj.org/wp-content/uploads/2025/01/Fairness-Report_Duman-Mukhammedkarim_Kazakhstan-January-2025-Final.pdf#page=23
https://cfj.org/reports/fairness-report-kazakhstan-v-duman-mukhammedkarim/,Fairness Report: Kazakhstan v. Duman Mukhammedkarim,conviction_sentence,31,,"In sum, there are strong bases for a reasonable observer to see the court that convicted Mr. Mukhammedkarim as not having been impartial.",https://cfj.org/wp-content/uploads/2025/01/Fairness-Report_Duman-Mukhammedkarim_Kazakhstan-January-2025-Final.pdf#page=31
https://cfj.org/reports/fairness-report-kazakhstan-v-duman-mukhammedkarim/,Fairness Report: Kazakhstan v. Duman Mukhammedkarim,conviction_sentence,32,,"public statements affirming the guilt of the accused.”129 According to the defense, during the first session of Mr. Mukhammedkarim’s trial, the presiding judge referred to Mr. Mukhammedkarim by the Kazakh term for “convicted.”",https://cfj.org/wp-content/uploads/2025/01/Fairness-Report_Duman-Mukhammedkarim_Kazakhstan-January-2025-Final.pdf#page=32
https://cfj.org/reports/fairness-report-kazakhstan-v-duman-mukhammedkarim/,Fairness Report: Kazakhstan v. Duman Mukhammedkarim,conviction_sentence,32,,The laws under which Mr. Mukhammedkarim was prosecuted and convicted raise serious concerns in both of these respects.,https://cfj.org/wp-content/uploads/2025/01/Fairness-Report_Duman-Mukhammedkarim_Kazakhstan-January-2025-Final.pdf#page=32
https://cfj.org/reports/fairness-report-kazakhstan-v-duman-mukhammedkarim/,Fairness Report: Kazakhstan v. Duman Mukhammedkarim,pretrial_detention,4,,"The extent of the harm to Mr. Mukhammedkarim is substantial, given his prolonged pre-trial detention, deteriorating health, and the severe limitations on his freedom.",https://cfj.org/wp-content/uploads/2025/01/Fairness-Report_Duman-Mukhammedkarim_Kazakhstan-January-2025-Final.pdf#page=4
https://cfj.org/reports/fairness-report-kazakhstan-v-duman-mukhammedkarim/,Fairness Report: Kazakhstan v. Duman Mukhammedkarim,pretrial_detention,5,,"Mr. Mukhammedkarim’s lengthy pre-trial detention was unlawful and arbitrary, and the trial violated his rights to equality of arms, to a public trial, to be presumed innocent, and to be tried before an impartial tribunal.",https://cfj.org/wp-content/uploads/2025/01/Fairness-Report_Duman-Mukhammedkarim_Kazakhstan-January-2025-Final.pdf#page=5
https://cfj.org/reports/fairness-report-kazakhstan-v-duman-mukhammedkarim/,Fairness Report: Kazakhstan v. Duman Mukhammedkarim,pretrial_detention,16,,"Mr. Mukhammedkarim was first detained on March 21, 2023 — the day after his unsuccessful run for office — for announcing his intention to protest violations during the electoral process.",https://cfj.org/wp-content/uploads/2025/01/Fairness-Report_Duman-Mukhammedkarim_Kazakhstan-January-2025-Final.pdf#page=16
https://cfj.org/reports/fairness-report-kazakhstan-v-duman-mukhammedkarim/,Fairness Report: Kazakhstan v. Duman Mukhammedkarim,pretrial_detention,17,,Mr. Mukhammedkarim carried out repeated hunger strikes to protest his alleged ill treatment while in detention.,https://cfj.org/wp-content/uploads/2025/01/Fairness-Report_Duman-Mukhammedkarim_Kazakhstan-January-2025-Final.pdf#page=17
https://cfj.org/reports/fairness-report-kazakhstan-v-duman-mukhammedkarim/,Fairness Report: Kazakhstan v. Duman Mukhammedkarim,pretrial_detention,25,,Mr. Mukhammedkarim’s pre-trial detention was not based on individual consideration.,https://cfj.org/wp-content/uploads/2025/01/Fairness-Report_Duman-Mukhammedkarim_Kazakhstan-January-2025-Final.pdf#page=25
https://cfj.org/reports/fairness-report-kazakhstan-v-duman-mukhammedkarim/,Fairness Report: Kazakhstan v. Duman Mukhammedkarim,pretrial_detention,26,,"The pre-trial detention was repeatedly and routinely extended based on the prosecution’s requests for more time to complete their investigation, again without any evaluation of Mr. Mukhammedkarim’s circumstances.",https://cfj.org/wp-content/uploads/2025/01/Fairness-Report_Duman-Mukhammedkarim_Kazakhstan-January-2025-Final.pdf#page=26
https://cfj.org/reports/fairness-report-kazakhstan-v-duman-mukhammedkarim/,Fairness Report: Kazakhstan v. Duman Mukhammedkarim,reputational_harm,21,,At least eighteen witnesses testified in support of Mr. Mukhammedkarim’s character and reputation.,https://cfj.org/wp-content/uploads/2025/01/Fairness-Report_Duman-Mukhammedkarim_Kazakhstan-January-2025-Final.pdf#page=21
https://cfj.org/reports/fairness-report-kazakhstan-v-duman-mukhammedkarim/,Fairness Report: Kazakhstan v. Duman Mukhammedkarim,reputational_harm,43,,"Witness testimony confirmed Mr. Mukhammedkarim’s reputation as a journalist, with no ties to the DCK or Koshe parties, nor any effort to encourage others to join them.",https://cfj.org/wp-content/uploads/2025/01/Fairness-Report_Duman-Mukhammedkarim_Kazakhstan-January-2025-Final.pdf#page=43
https://cfj.org/reports/fairness-report-kazakhstan-v-duman-mukhammedkarim/,Fairness Report: Kazakhstan v. Duman Mukhammedkarim,other_restrictions,20,,The court also denied Mr. Mukhammedkarim’s request for his detention to be converted to house arrest.,https://cfj.org/wp-content/uploads/2025/01/Fairness-Report_Duman-Mukhammedkarim_Kazakhstan-January-2025-Final.pdf#page=20
https://cfj.org/reports/fairness-report-marat-zhylanbaev/,Fairness Report: Marat Zhylanbaev,conviction_sentence,5,,"Instead, Mr. Zhylanbaev was prosecuted and convicted for engaging in a political debate with and criticizing the Kazakh authorities by peacefully exercising his rights guaranteed by the International Covenant on Civil and Political Rights, to which Kazakhstan is a party.",https://cfj.org/wp-content/uploads/2025/01/Fairness-Report_Kazakhstan-Marat-Zhylanvaev-January-2025.pdf#page=5
https://cfj.org/reports/fairness-report-marat-zhylanbaev/,Fairness Report: Marat Zhylanbaev,conviction_sentence,6,,"Mr. Zhylanbaev was convicted and sentenced in a trial marred by severe irregularities that violated his fair trial rights under the ICCPR, including: the entire proceedings were closed to the public; the court barred the defense from questioning key prosecution witnesses; and the court did not respect Mr. Zhylanbaev’s right to call his own witnesses.",https://cfj.org/wp-content/uploads/2025/01/Fairness-Report_Kazakhstan-Marat-Zhylanvaev-January-2025.pdf#page=6
https://cfj.org/reports/fairness-report-marat-zhylanbaev/,Fairness Report: Marat Zhylanbaev,conviction_sentence,16,twenty days,"On or about May 3, 2023, Mr. Zhylanbaev was arrested for his alleged participation in the March 17, 2023, protest, and sentenced to twenty days’ imprisonment on administrative charges.",https://cfj.org/wp-content/uploads/2025/01/Fairness-Report_Kazakhstan-Marat-Zhylanvaev-January-2025.pdf#page=16
https://cfj.org/reports/fairness-report-marat-zhylanbaev/,Fairness Report: Marat Zhylanbaev,conviction_sentence,23,,"On November 29, 2023, Mr. Zhylanbaev was convicted of violating Article 405(2) and Article 258(2) of the Criminal Code.",https://cfj.org/wp-content/uploads/2025/01/Fairness-Report_Kazakhstan-Marat-Zhylanvaev-January-2025.pdf#page=23
https://cfj.org/reports/fairness-report-marat-zhylanbaev/,Fairness Report: Marat Zhylanbaev,conviction_sentence,25,seven years,"Upon finding Mr. Zhylanbaev guilty of both charges, the trial court sentenced him to seven years’ imprisonment, as well as “deprivation of the right to engage in social and political activity, including the use of mass media and telecommunications networks” for three years.",https://cfj.org/wp-content/uploads/2025/01/Fairness-Report_Kazakhstan-Marat-Zhylanvaev-January-2025.pdf#page=25
https://cfj.org/reports/fairness-report-marat-zhylanbaev/,Fairness Report: Marat Zhylanbaev,conviction_sentence,32,,Mr. Zhylanbaev was detained and convicted pursuant to vague provisions of Articles 405 and 258 of the Kazakh Criminal Code that do not qualify as lex certa.,https://cfj.org/wp-content/uploads/2025/01/Fairness-Report_Kazakhstan-Marat-Zhylanvaev-January-2025.pdf#page=32
https://cfj.org/reports/fairness-report-marat-zhylanbaev/,Fairness Report: Marat Zhylanbaev,pretrial_detention,15,,"In June and July 2022, following his application to register Alga, Kazakhstan!, Mr. Zhylanbaev was detained twice by the police for handing out leaflets calling for participation in Alga, Kazakhstan!, and was twice fined 306,000 tenge.",https://cfj.org/wp-content/uploads/2025/01/Fairness-Report_Kazakhstan-Marat-Zhylanvaev-January-2025.pdf#page=15
https://cfj.org/reports/fairness-report-marat-zhylanbaev/,Fairness Report: Marat Zhylanbaev,pretrial_detention,16,twenty-day,"On May 23, 2023, shortly before Mr. Zhylanbaev was due to be released following the completion of his twenty-day sentence, Mr. Zhylanbaev was detained on a different set of charges, this time criminal.",https://cfj.org/wp-content/uploads/2025/01/Fairness-Report_Kazakhstan-Marat-Zhylanvaev-January-2025.pdf#page=16
https://cfj.org/reports/fairness-report-marat-zhylanbaev/,Fairness Report: Marat Zhylanbaev,pretrial_detention,17,,"On June 7, 2023, the court further rejected Mr. Zhylanbaev’s attorney’s challenge to the decision sanctioning Mr. Zhylanbaev’s pre-trial detention, in which Mr. Zhylanbaev’s attorney requested that the court apply a less-restrictive measure of restraint.",https://cfj.org/wp-content/uploads/2025/01/Fairness-Report_Kazakhstan-Marat-Zhylanvaev-January-2025.pdf#page=17
https://cfj.org/reports/fairness-report-marat-zhylanbaev/,Fairness Report: Marat Zhylanbaev,pretrial_detention,18,,"• On January 7, 2023, Mr. Zhylanbaev allegedly submitted a prior notice to the local executive body of his intent to hold a rally and was detained by local law enforcement as he was traveling to the rally.",https://cfj.org/wp-content/uploads/2025/01/Fairness-Report_Kazakhstan-Marat-Zhylanvaev-January-2025.pdf#page=18
https://cfj.org/reports/fairness-report-marat-zhylanbaev/,Fairness Report: Marat Zhylanbaev,pretrial_detention,26,,"The Kazakhstan Supreme Court denied the appeal on June 5, 2024. 124 Mr. Zhylanbaev is currently still in custody.",https://cfj.org/wp-content/uploads/2025/01/Fairness-Report_Kazakhstan-Marat-Zhylanvaev-January-2025.pdf#page=26
https://cfj.org/reports/fairness-report-marat-zhylanbaev/,Fairness Report: Marat Zhylanbaev,pretrial_detention,29,,The pretrial detention of Mr. Zhylanbaev violated the prohibition of arbitrary detention in Article 9 of the ICCPR.,https://cfj.org/wp-content/uploads/2025/01/Fairness-Report_Kazakhstan-Marat-Zhylanvaev-January-2025.pdf#page=29
https://cfj.org/reports/fairness-report-marat-zhylanbaev/,Fairness Report: Marat Zhylanbaev,other_restrictions,15,,"In June and July 2022, following his application to register Alga, Kazakhstan!, Mr. Zhylanbaev was detained twice by the police for handing out leaflets calling for participation in Alga, Kazakhstan!, and was twice fined 306,000 tenge.",https://cfj.org/wp-content/uploads/2025/01/Fairness-Report_Kazakhstan-Marat-Zhylanvaev-January-2025.pdf#page=15
https://cfj.org/reports/fairness-report-marat-zhylanbaev/,Fairness Report: Marat Zhylanbaev,other_restrictions,15,,"In March 2023, Mr. Zhylanbaev was further barred from competing as an independent candidate in the parliamentary election because he allegedly had engaged in “early campaigning” by posting a social media post that sought donations to pay the candidate registration fee.",https://cfj.org/wp-content/uploads/2025/01/Fairness-Report_Kazakhstan-Marat-Zhylanvaev-January-2025.pdf#page=15
https://cfj.org/reports/fairness-report-marat-zhylanbaev/,Fairness Report: Marat Zhylanbaev,other_restrictions,58,,"290 For instance, in June and July 2022, Mr. Zhylanbaev was twice detained and fined by the police in Astana Central Park for handing out leaflets calling for participation in Alga, Kazakstan!.",https://cfj.org/wp-content/uploads/2025/01/Fairness-Report_Kazakhstan-Marat-Zhylanvaev-January-2025.pdf#page=58
https://cfj.org/reports/fairness-report-kazakhstan-v-nazym-tabyldieva/,Fairness Report: Kazakhstan v. Nazym Tabyldieva,conviction_sentence,8,18 months; 5-year,"On November 10, 2023, the judge found Ms. Tabyldieva guilty as charged and sentenced her to 18 months of house arrest and a 5-year ban on social media activities.",https://cfj.org/wp-content/uploads/2025/11/2025.11-Fairness-Report_Kazakhstan-v.-Nazym-Tabyldieva.pdf#page=8
https://cfj.org/reports/fairness-report-kazakhstan-v-nazym-tabyldieva/,Fairness Report: Kazakhstan v. Nazym Tabyldieva,conviction_sentence,13,,The Kazakh authorities have also brought criminal prosecutions against journalists and bloggers critical of the government under charges of false information (“fake news”) and for insulting the authorities—the same charges under which Ms. Tabyldieva was convicted.,https://cfj.org/wp-content/uploads/2025/11/2025.11-Fairness-Report_Kazakhstan-v.-Nazym-Tabyldieva.pdf#page=13
https://cfj.org/reports/fairness-report-kazakhstan-v-nazym-tabyldieva/,Fairness Report: Kazakhstan v. Nazym Tabyldieva,conviction_sentence,13,six-year,"In another similar case, journalist and political opposition leader Zhanbolat Mamay was sentenced to a six-year ban on “social or political” activism and social media activity,38 after being convicted for participating in a peaceful protest, under the same provisions as Ms. Tabyldieva—insulting a government representative and spreading false information.",https://cfj.org/wp-content/uploads/2025/11/2025.11-Fairness-Report_Kazakhstan-v.-Nazym-Tabyldieva.pdf#page=13
https://cfj.org/reports/fairness-report-kazakhstan-v-nazym-tabyldieva/,Fairness Report: Kazakhstan v. Nazym Tabyldieva,conviction_sentence,38,,"Despite the prosecution’s failure to prove elements of the case, the court convicted Ms. Tabyldieva.",https://cfj.org/wp-content/uploads/2025/11/2025.11-Fairness-Report_Kazakhstan-v.-Nazym-Tabyldieva.pdf#page=38
https://cfj.org/reports/fairness-report-kazakhstan-v-nazym-tabyldieva/,Fairness Report: Kazakhstan v. Nazym Tabyldieva,conviction_sentence,47,eighteen months,"Ms. Tabyldieva was sentenced to eighteen months of house arrest and a five-year ban on public, political, and journalistic activities on social media under Articles 274 and 378 of the Kazakh Criminal Code.",https://cfj.org/wp-content/uploads/2025/11/2025.11-Fairness-Report_Kazakhstan-v.-Nazym-Tabyldieva.pdf#page=47
https://cfj.org/reports/fairness-report-kazakhstan-v-nazym-tabyldieva/,Fairness Report: Kazakhstan v. Nazym Tabyldieva,conviction_sentence,51,,"Although the judge purported to impose the 18-month sentence for Ms. Tabyldieva’s supposed violation of Article 274, he stated that he was imposing the enhanced sentence of 5 years’ ban from social media activism as a consequence of Ms. Tabyldieva’s having been found guilty under both Article 274 and Article 378.",https://cfj.org/wp-content/uploads/2025/11/2025.11-Fairness-Report_Kazakhstan-v.-Nazym-Tabyldieva.pdf#page=51
https://cfj.org/reports/fairness-report-kazakhstan-v-nazym-tabyldieva/,Fairness Report: Kazakhstan v. Nazym Tabyldieva,reputational_harm,50,,The prosecution also failed to establish that the alleged “victims” suffered negative professional or reputational consequences as a result of Ms. Tabyldieva’s statements.,https://cfj.org/wp-content/uploads/2025/11/2025.11-Fairness-Report_Kazakhstan-v.-Nazym-Tabyldieva.pdf#page=50
https://cfj.org/reports/fairness-report-kazakhstan-v-nazym-tabyldieva/,Fairness Report: Kazakhstan v. Nazym Tabyldieva,reputational_harm,50,,"In fact, according to testimony regarding the victims’ statement, each asserted that they “found [out] about [Ms. Tabyldieva]” only after the “Police Department of Almaty invited us for a conversation.”180 And although the victims testified they were personally offended by Ms. Tabyldieva’s statements,181 evidence of actual reputational damage is wholly conclusory.",https://cfj.org/wp-content/uploads/2025/11/2025.11-Fairness-Report_Kazakhstan-v.-Nazym-Tabyldieva.pdf#page=50
https://cfj.org/reports/fairness-report-kazakhstan-v-nazym-tabyldieva/,Fairness Report: Kazakhstan v. Nazym Tabyldieva,other_restrictions,8,18 months; 5-year,"On November 10, 2023, the judge found Ms. Tabyldieva guilty as charged and sentenced her to 18 months of house arrest and a 5-year ban on social media activities.",https://cfj.org/wp-content/uploads/2025/11/2025.11-Fairness-Report_Kazakhstan-v.-Nazym-Tabyldieva.pdf#page=8
https://cfj.org/reports/fairness-report-kazakhstan-v-nazym-tabyldieva/,Fairness Report: Kazakhstan v. Nazym Tabyldieva,other_restrictions,47,eighteen months; five-year,"Ms. Tabyldieva was sentenced to eighteen months of house arrest and a five-year ban on public, political, and journalistic activities on social media under Articles 274 and 378 of the Kazakh Criminal Code.",https://cfj.org/wp-content/uploads/2025/11/2025.11-Fairness-Report_Kazakhstan-v.-Nazym-Tabyldieva.pdf#page=47
https://cfj.org/reports/fairness-report-kazakhstan-v-nazym-tabyldieva/,Fairness Report: Kazakhstan v. Nazym Tabyldieva,other_restrictions,51,1 year; 6 months; 5-year,"Finally, Ms. Tabyldieva’s sentence—1 year and 6 months of house arrest, and a 5-year ban from political and social activities—is grossly disproportionate to the alleged offense.",https://cfj.org/wp-content/uploads/2025/11/2025.11-Fairness-Report_Kazakhstan-v.-Nazym-Tabyldieva.pdf#page=51
https://cfj.org/reports/cambodia-v-thach-setha/,Cambodia v. Thach Setha,conviction_sentence,4,18 months,Mr. Setha was ultimately sentenced to prison for 18 months on the forgery charges and three years on the incitement charges and remains incarcerated as of the date of publication. 1,https://cfj.org/wp-content/uploads/2024/10/2024-October-Fairness-Report_Cambodia-Thach-Setha.pdf#page=4
https://cfj.org/reports/cambodia-v-thach-setha/,Cambodia v. Thach Setha,conviction_sentence,23,18 months,"The Court sentenced Mr. Setha to prison for 18 months and fined him 3,000,000 riels (approximately USD $733.50).",https://cfj.org/wp-content/uploads/2024/10/2024-October-Fairness-Report_Cambodia-Thach-Setha.pdf#page=23
https://cfj.org/reports/cambodia-v-thach-setha/,Cambodia v. Thach Setha,conviction_sentence,23,,"Twenty minutes after the Court found him guilty of forgery, Mr. Setha appeared again before Judge Chhun Davy—the same judge presiding over the forgery hearing—for the",https://cfj.org/wp-content/uploads/2024/10/2024-October-Fairness-Report_Cambodia-Thach-Setha.pdf#page=23
https://cfj.org/reports/cambodia-v-thach-setha/,Cambodia v. Thach Setha,conviction_sentence,25,,"Save for a short acknowledgement that Mr. Setha was convicted “for a speech that he made to his supporters of the former CNRP early this year,” the Court provided no further explanation for its findings.",https://cfj.org/wp-content/uploads/2024/10/2024-October-Fairness-Report_Cambodia-Thach-Setha.pdf#page=25
https://cfj.org/reports/cambodia-v-thach-setha/,Cambodia v. Thach Setha,conviction_sentence,25,three years,The Court sentenced Mr. Setha to three years’ imprisonment and a fine of four million riels. 117,https://cfj.org/wp-content/uploads/2024/10/2024-October-Fairness-Report_Cambodia-Thach-Setha.pdf#page=25
https://cfj.org/reports/cambodia-v-thach-setha/,Cambodia v. Thach Setha,conviction_sentence,27,three-year,"On February 28, 2024, the Phnom Penh Appeal Court sustained Mr. Setha’s three-year prison sentence for violations of Articles 494, 495, and 496 of the Cambodian Criminal Code.",https://cfj.org/wp-content/uploads/2024/10/2024-October-Fairness-Report_Cambodia-Thach-Setha.pdf#page=27
https://cfj.org/reports/cambodia-v-thach-setha/,Cambodia v. Thach Setha,pretrial_detention,4,,"Mr. Setha was arrested and detained by the government shortly after giving a speech critical of the government, ostensibly in relation to forgery charges.",https://cfj.org/wp-content/uploads/2024/10/2024-October-Fairness-Report_Cambodia-Thach-Setha.pdf#page=4
https://cfj.org/reports/cambodia-v-thach-setha/,Cambodia v. Thach Setha,pretrial_detention,5,,"While Mr. Setha was in detention in April 2023, he was additionally charged with incitement under Articles 244, 245, and 246 of the Criminal Code of the Kingdom of Cambodia for comments made in the YouTube video.",https://cfj.org/wp-content/uploads/2024/10/2024-October-Fairness-Report_Cambodia-Thach-Setha.pdf#page=5
https://cfj.org/reports/cambodia-v-thach-setha/,Cambodia v. Thach Setha,pretrial_detention,6,,Mr. Setha’s arrest and placement in pretrial detention in January 2023 constituted arbitrary detention in violation of Article 9 of the ICCPR.,https://cfj.org/wp-content/uploads/2024/10/2024-October-Fairness-Report_Cambodia-Thach-Setha.pdf#page=6
https://cfj.org/reports/cambodia-v-thach-setha/,Cambodia v. Thach Setha,pretrial_detention,6,eight months,"Cambodian authorities failed to provide substantive grounds for Mr. Setha’s arrest or detention, and he remained imprisoned for eight months without a conviction or sufficient justification (other than alleged failure to respond to summonses that he said he had not received, and the asserted need to ensure his presence for future legal proceedings, without more).",https://cfj.org/wp-content/uploads/2024/10/2024-October-Fairness-Report_Cambodia-Thach-Setha.pdf#page=6
https://cfj.org/reports/cambodia-v-thach-setha/,Cambodia v. Thach Setha,pretrial_detention,17,,"Then, while in pretrial detention for the forgery charges, Mr. Setha was also charged with incitement under Articles 494, 495, and 496 of the Cambodian Criminal Code.",https://cfj.org/wp-content/uploads/2024/10/2024-October-Fairness-Report_Cambodia-Thach-Setha.pdf#page=17
https://cfj.org/reports/cambodia-v-thach-setha/,Cambodia v. Thach Setha,pretrial_detention,21,,Mr. Setha was placed in pretrial detention and has remained in custody ever since.,https://cfj.org/wp-content/uploads/2024/10/2024-October-Fairness-Report_Cambodia-Thach-Setha.pdf#page=21
https://cfj.org/reports/cambodia-v-thach-setha/,Cambodia v. Thach Setha,other_restrictions,23,"18 months; 3,000,000 riel; $733.50","The Court sentenced Mr. Setha to prison for 18 months and fined him 3,000,000 riels (approximately USD $733.50).",https://cfj.org/wp-content/uploads/2024/10/2024-October-Fairness-Report_Cambodia-Thach-Setha.pdf#page=23
https://cfj.org/reports/cambodia-v-thach-setha/,Cambodia v. Thach Setha,other_restrictions,25,three years,The Court sentenced Mr. Setha to three years’ imprisonment and a fine of four million riels. 117,https://cfj.org/wp-content/uploads/2024/10/2024-October-Fairness-Report_Cambodia-Thach-Setha.pdf#page=25
https://cfj.org/reports/fairness-report-abzas-media/,CFJ Fairness Report: Abzas Media,other_restrictions,28,,"Mr. Mehralizadeh also argued that he had been denied the right to access exculpatory evidence, specifically data from his confiscated phone to prove he had never been to the Abzas Media office.",https://cfj.org/wp-content/uploads/2026/07/2026-July-Abzas-Media-Fairness-Report.pdf#page=28
https://cfj.org/reports/fairness-report-abzas-media/,CFJ Fairness Report: Abzas Media,other_restrictions,47,,"Mr. Mehralizadeh testified that he was never at the Abzas Media office and requested satellite data from his confiscated phone to substantiate his claims that he had never been to the office, but the Baku Court refused to order that the prosecution turn over the data to the defense, nor did the Court even offer to examine the evidence.",https://cfj.org/wp-content/uploads/2026/07/2026-July-Abzas-Media-Fairness-Report.pdf#page=47
